{"stat.walkOneCm":37445,"stat.useItem.minecraft.torch":7,"stat.craftItem.minecraft.planks":76,"stat.leaveGame":1,"stat.craftItem.minecraft.stone_axe":1,"stat.pickup.minecraft.crafting_table":1,"stat.damageTaken":40,"stat.mineBlock.minecraft.crafting_table":1,"stat.useItem.minecraft.cobblestone":5,"stat.craftItem.minecraft.crafting_table":1,"stat.furnaceInteraction":10,"stat.craftItem.minecraft.stone_pickaxe":1,"stat.useItem.minecraft.wooden_pickaxe":9,"stat.pickup.minecraft.cobblestone":65,"stat.mineBlock.minecraft.coal_ore":20,"stat.mineBlock.minecraft.log":17,"stat.pickup.minecraft.log":19,"stat.craftItem.minecraft.stone_sword":1,"stat.flyOneCm":3567,"stat.jump":66,"stat.mineBlock.minecraft.leaves":4,"stat.playOneMinute":18207,"stat.pickup.minecraft.coal":20,"stat.fallOneCm":1651,"stat.useItem.minecraft.planks":1,"stat.craftItem.minecraft.shield":1,"stat.useItem.minecraft.stone_pickaxe":77,"stat.sneakTime":67,"stat.craftItem.minecraft.iron_pickaxe":1,"stat.useItem.minecraft.stone_axe":10,"stat.mineBlock.minecraft.iron_ore":4,"stat.timeSinceDeath":18207,"stat.craftItem.minecraft.torch":12,"stat.craftItem.minecraft.iron_ingot":4,"stat.useItem.minecraft.wooden_axe":9,"stat.sprintOneCm":11110,"stat.useItem.minecraft.stone_slab2":1,"stat.craftItem.minecraft.wooden_pickaxe":1,"stat.mineBlock.minecraft.stone":62,"stat.craftItem.minecraft.stick":16,"stat.craftItem.minecraft.wooden_axe":1,"stat.craftingTableInteraction":6,"stat.pickup.minecraft.iron_ore":4}