{"stats":{"minecraft:dropped":{"minecraft:oak_trapdoor":2,"minecraft:feather":4,"minecraft:light_gray_wool":1,"tconstruct:tool_binding":3,"minecraft:dirt":1,"minecraft:ladder":3,"minecraft:wooden_pickaxe":1,"minecraft:white_wool":4},"minecraft:killed":{"minecraft:pig":1,"minecraft:spider":1,"minecraft:sheep":6,"minecraft:zombie":3,"minecraft:chicken":1,"minecraft:cow":2},"minecraft:broken":{"minecraft:stone_pickaxe":1,"minecraft:stone_axe":2},"minecraft:killed_by":{"man:managgresive":1,"minecraft:spider":1},"minecraft:mined":{"tconstruct:part_builder":2,"minecraft:white_bed":2,"minecraft:oak_door":2,"minecraft:crafting_table":3,"minecraft:torch":1,"minecraft:ladder":6,"minecraft:granite":3,"minecraft:grass_block":8,"minecraft:copper_ore":2,"minecraft:tall_grass":3,"minecraft:cobblestone":2,"minecraft:lapis_ore":7,"minecraft:oak_planks":96,"minecraft:diorite":2,"minecraft:wall_torch":3,"minecraft:birch_planks":1,"minecraft:oak_trapdoor":8,"minecraft:furnace":1,"minecraft:iron_ore":28,"minecraft:birch_leaves":18,"minecraft:andesite":17,"minecraft:grass":17,"minecraft:oak_log":10,"minecraft:coal_ore":80,"minecraft:oak_stairs":7,"minecraft:dirt":19,"minecraft:stone":134,"minecraft:oak_leaves":27},"minecraft:crafted":{"minecraft:cooked_beef":3,"tconstruct:pickaxe":1,"tconstruct:pattern":9,"minecraft:oak_planks":160,"tconstruct:part_builder":1,"minecraft:cooked_porkchop":1,"minecraft:crafting_table":4,"minecraft:cooked_chicken":1,"minecraft:wooden_pickaxe":1,"minecraft:iron_sword":1,"minecraft:furnace":4,"tconstruct:tool_handle":1,"tconstruct:pick_head":1,"tconstruct:tool_binding":2,"minecraft:birch_planks":44,"minecraft:stone_axe":3,"minecraft:cooked_mutton":6,"minecraft:air":0,"minecraft:oak_trapdoor":4,"tconstruct:tinker_station":1,"minecraft:charcoal":5,"minecraft:shield":1,"tconstruct:crafting_station":1,"minecraft:stick":12,"minecraft:iron_ingot":9,"minecraft:iron_pickaxe":1,"minecraft:stone_pickaxe":1,"minecraft:oak_stairs":20,"minecraft:chest":1,"minecraft:white_bed":1,"minecraft:torch":72},"minecraft:custom":{"minecraft:interact_with_furnace":33,"minecraft:mob_kills":14,"minecraft:interact_with_crafting_table":28,"minecraft:time_since_death":73210,"minecraft:sleep_in_bed":2,"minecraft:climb_one_cm":904,"minecraft:time_since_rest":21724,"minecraft:sprint_one_cm":70299,"minecraft:damage_taken":2387,"minecraft:walk_one_cm":178204,"minecraft:drop":19,"minecraft:damage_dealt":2541,"minecraft:swim_one_cm":11548,"minecraft:fly_one_cm":86621,"minecraft:open_chest":4,"minecraft:crouch_one_cm":46138,"minecraft:play_time":76510,"tombstone:undead_killed":3,"minecraft:deaths":2,"minecraft:sneak_time":18057,"minecraft:walk_under_water_one_cm":28158,"minecraft:jump":903,"minecraft:walk_on_water_one_cm":14952,"minecraft:total_world_time":76510,"minecraft:fall_one_cm":25517},"minecraft:used":{"minecraft:oak_trapdoor":9,"minecraft:cooked_mutton":6,"minecraft:diorite":2,"minecraft:birch_planks":14,"minecraft:stone_pickaxe":129,"minecraft:oak_planks":146,"minecraft:chest":1,"minecraft:wooden_pickaxe":9,"minecraft:iron_sword":1,"minecraft:cooked_chicken":1,"minecraft:oak_door":1,"minecraft:torch":74,"minecraft:dirt":12,"minecraft:crafting_table":5,"minecraft:white_bed":2,"minecraft:granite":3,"minecraft:oak_log":31,"minecraft:apple":5,"minecraft:oak_stairs":27,"minecraft:birch_sapling":7,"minecraft:iron_pickaxe":72,"tconstruct:tinker_station":1,"tombstone:grave_key":1,"minecraft:stone_axe":213,"minecraft:cobblestone":5,"minecraft:furnace":4,"minecraft:cooked_porkchop":1,"tconstruct:crafting_station":1,"minecraft:andesite":23,"minecraft:cooked_beef":3,"tconstruct:part_builder":2},"minecraft:picked_up":{"minecraft:birch_log":29,"minecraft:crafting_table":3,"minecraft:feather":4,"minecraft:chicken":1,"minecraft:ladder":3,"minecraft:andesite":23,"tconstruct:part_builder":1,"minecraft:oak_stairs":7,"minecraft:birch_planks":1,"minecraft:oak_log":95,"minecraft:lapis_lazuli":42,"minecraft:dirt":18,"minecraft:oak_trapdoor":7,"minecraft:raw_copper":6,"minecraft:apple":5,"minecraft:beef":3,"minecraft:light_gray_wool":1,"minecraft:birch_sapling":7,"minecraft:oak_planks":82,"minecraft:furnace":1,"minecraft:stick":28,"minecraft:raw_iron":27,"scalinghealth:heart_crystal_shard":4,"minecraft:oak_door":1,"minecraft:torch":4,"minecraft:porkchop":1,"minecraft:diorite":2,"minecraft:white_bed":1,"tconstruct:tool_binding":2,"minecraft:rotten_flesh":2,"minecraft:granite":3,"minecraft:oak_sapling":41,"minecraft:mutton":9,"minecraft:coal":79,"minecraft:white_wool":7,"minecraft:cobblestone":134}},"DataVersion":3120}