{"stats":{"minecraft:dropped":{"minecraft:stone_axe":1,"minecraft:oak_trapdoor":2,"minecraft:feather":4,"minecraft:light_gray_wool":1,"tconstruct:tool_binding":3,"minecraft:dirt":1,"minecraft:ladder":3,"minecraft:arrow":2,"minecraft:wooden_pickaxe":1,"minecraft:white_wool":4},"minecraft:killed":{"minecraft:pig":1,"minecraft:spider":1,"minecraft:sheep":6,"minecraft:zombie":3,"minecraft:chicken":1,"minecraft:cow":2},"minecraft:broken":{"minecraft:stone_pickaxe":1,"minecraft:stone_axe":2},"minecraft:killed_by":{"man:managgresive":1,"minecraft:spider":1},"minecraft:mined":{"minecraft:tuff":1,"tconstruct:part_builder":2,"minecraft:white_bed":2,"minecraft:oak_door":2,"minecraft:crafting_table":3,"minecraft:torch":1,"minecraft:ladder":6,"minecraft:granite":3,"minecraft:grass_block":8,"minecraft:copper_ore":2,"minecraft:tall_grass":3,"minecraft:cobblestone":7,"minecraft:deepslate_gold_ore":1,"minecraft:lapis_ore":7,"minecraft:oak_planks":96,"minecraft:diorite":2,"minecraft:wall_torch":3,"minecraft:birch_planks":1,"minecraft:oak_trapdoor":8,"minecraft:furnace":2,"minecraft:iron_ore":29,"minecraft:birch_leaves":23,"minecraft:andesite":28,"minecraft:grass":17,"minecraft:oak_log":10,"minecraft:coal_ore":80,"minecraft:deepslate_iron_ore":21,"minecraft:oak_stairs":7,"minecraft:gravel":1,"minecraft:dirt":19,"minecraft:stone":138,"minecraft:deepslate":8,"minecraft:oak_leaves":28},"minecraft:crafted":{"minecraft:cooked_beef":3,"tconstruct:pickaxe":1,"tconstruct:pattern":9,"minecraft:oak_planks":160,"tconstruct:part_builder":1,"minecraft:cooked_porkchop":1,"minecraft:crafting_table":4,"minecraft:cooked_chicken":1,"minecraft:wooden_pickaxe":1,"minecraft:iron_sword":1,"minecraft:furnace":4,"tconstruct:tool_handle":1,"tconstruct:pick_head":1,"tconstruct:tool_binding":2,"minecraft:birch_planks":44,"minecraft:stone_axe":3,"minecraft:cooked_mutton":7,"minecraft:air":0,"minecraft:oak_trapdoor":4,"tconstruct:tinker_station":1,"minecraft:charcoal":5,"minecraft:shield":1,"tconstruct:crafting_station":1,"minecraft:stick":16,"minecraft:iron_ingot":9,"minecraft:iron_pickaxe":1,"minecraft:stone_pickaxe":1,"minecraft:oak_stairs":20,"minecraft:chest":1,"minecraft:white_bed":1,"minecraft:torch":92},"minecraft:custom":{"minecraft:interact_with_furnace":43,"minecraft:mob_kills":14,"minecraft:interact_with_crafting_table":28,"minecraft:time_since_death":85210,"minecraft:sleep_in_bed":2,"minecraft:climb_one_cm":904,"minecraft:time_since_rest":33724,"minecraft:sprint_one_cm":90963,"minecraft:damage_taken":2426,"minecraft:walk_one_cm":216586,"minecraft:drop":22,"minecraft:damage_dealt":2569,"minecraft:swim_one_cm":11548,"minecraft:fly_one_cm":106441,"minecraft:open_chest":6,"minecraft:crouch_one_cm":50688,"minecraft:play_time":88510,"tombstone:undead_killed":3,"minecraft:deaths":2,"minecraft:sneak_time":20349,"minecraft:walk_under_water_one_cm":28158,"minecraft:jump":1145,"minecraft:walk_on_water_one_cm":15395,"minecraft:total_world_time":88510,"minecraft:fall_one_cm":29432},"minecraft:used":{"minecraft:oak_trapdoor":9,"minecraft:cooked_mutton":7,"minecraft:diorite":2,"minecraft:birch_planks":31,"minecraft:stone_pickaxe":129,"minecraft:oak_planks":146,"minecraft:chest":1,"minecraft:wooden_pickaxe":9,"minecraft:iron_sword":1,"minecraft:rotten_flesh":3,"minecraft:cooked_chicken":1,"minecraft:oak_door":1,"minecraft:torch":94,"minecraft:dirt":12,"minecraft:crafting_table":5,"minecraft:white_bed":2,"minecraft:granite":3,"minecraft:oak_log":31,"minecraft:apple":5,"minecraft:oak_stairs":27,"minecraft:birch_sapling":7,"minecraft:iron_pickaxe":126,"tconstruct:tinker_station":1,"tombstone:grave_key":1,"minecraft:gravel":1,"minecraft:stone_axe":214,"minecraft:cobblestone":20,"minecraft:furnace":6,"minecraft:cooked_porkchop":1,"tconstruct:crafting_station":1,"minecraft:andesite":32,"tombstone:gift":2,"minecraft:cobbled_deepslate":8,"minecraft:cooked_beef":3,"tconstruct:part_builder":2},"minecraft:picked_up":{"minecraft:birch_log":29,"minecraft:crafting_table":3,"minecraft:feather":4,"minecraft:chicken":1,"minecraft:ladder":3,"minecraft:andesite":34,"tconstruct:part_builder":1,"minecraft:oak_stairs":7,"minecraft:birch_planks":1,"minecraft:oak_log":95,"minecraft:lapis_lazuli":42,"minecraft:dirt":18,"minecraft:oak_trapdoor":10,"minecraft:raw_copper":6,"minecraft:apple":5,"minecraft:cobbled_deepslate":8,"minecraft:raw_gold":1,"minecraft:beef":3,"minecraft:light_gray_wool":1,"minecraft:birch_sapling":7,"minecraft:oak_planks":82,"minecraft:furnace":2,"minecraft:stick":28,"minecraft:raw_iron":49,"scalinghealth:heart_crystal_shard":4,"minecraft:oak_door":1,"minecraft:torch":7,"minecraft:gravel":1,"minecraft:porkchop":1,"minecraft:diorite":2,"minecraft:white_bed":1,"tconstruct:tool_binding":2,"minecraft:arrow":2,"minecraft:rotten_flesh":4,"minecraft:stone_axe":1,"minecraft:granite":3,"minecraft:oak_sapling":42,"minecraft:mutton":9,"minecraft:coal":79,"minecraft:white_wool":7,"minecraft:cobblestone":143}},"DataVersion":3120}