{"stats":{"minecraft:dropped":{"evilcraft:flesh_humanoid":1},"minecraft:killed":{"minecraft:wandering_trader":1,"minecraft:skeleton":3,"minecraft:zombie":4},"minecraft:killed_by":{"man:managgresive":1,"minecraft:creeper":1},"minecraft:mined":{"minecraft:oak_sapling":1,"minecraft:glow_lichen":1,"minecraft:granite":4,"minecraft:grass_block":2,"minecraft:oak_planks":2,"minecraft:iron_ore":34,"minecraft:grass":6,"minecraft:oak_log":7,"minecraft:coal_ore":23,"minecraft:dirt":3,"minecraft:stone":17,"minecraft:oak_leaves":1},"minecraft:crafted":{"minecraft:oak_planks":36,"minecraft:crafting_table":1,"minecraft:wooden_pickaxe":1,"minecraft:iron_helmet":1,"minecraft:furnace":1,"minecraft:birch_planks":4,"minecraft:iron_boots":1,"minecraft:iron_chestplate":1,"minecraft:stick":16,"minecraft:iron_ingot":30,"minecraft:iron_pickaxe":1,"minecraft:stone_pickaxe":1,"minecraft:stone_sword":1,"minecraft:iron_leggings":1,"minecraft:oak_button":5,"minecraft:torch":16},"minecraft:custom":{"minecraft:interact_with_furnace":15,"minecraft:mob_kills":7,"minecraft:interact_with_crafting_table":10,"minecraft:leave_game":9,"minecraft:time_since_death":13208,"minecraft:time_since_rest":13069,"minecraft:sprint_one_cm":76200,"minecraft:damage_taken":2015,"minecraft:walk_one_cm":121003,"tombstone:sneak_grave":1,"minecraft:drop":1,"minecraft:damage_dealt":1860,"minecraft:fly_one_cm":78300,"minecraft:open_chest":19,"minecraft:crouch_one_cm":13001,"minecraft:play_time":43861,"tombstone:undead_killed":7,"minecraft:deaths":4,"minecraft:sneak_time":4536,"minecraft:walk_under_water_one_cm":2609,"tombstone:villager_killed":1,"minecraft:jump":684,"minecraft:walk_on_water_one_cm":11509,"minecraft:total_world_time":43861,"minecraft:fall_one_cm":18945,"minecraft:horse_one_cm":1430},"minecraft:used":{"minecraft:stone_sword":26,"minecraft:stone_pickaxe":84,"minecraft:oak_planks":22,"minecraft:wooden_pickaxe":4,"minecraft:rotten_flesh":6,"minecraft:torch":18,"minecraft:dirt":5,"minecraft:crafting_table":1,"scalinghealth:cursed_heart":1,"minecraft:granite":4,"minecraft:apple":1,"minecraft:oak_button":5,"minecraft:iron_pickaxe":4,"tombstone:grave_key":5,"evilcraft:flesh_humanoid":1,"minecraft:cobblestone":10,"minecraft:furnace":1,"minecraft:andesite":4,"tombstone:gift":3},"minecraft:picked_up":{"minecraft:birch_log":1,"minecraft:andesite":4,"minecraft:lead":1,"minecraft:oak_log":9,"evilcraft:flesh_humanoid":1,"minecraft:dirt":5,"minecraft:bone":3,"minecraft:apple":1,"minecraft:bow":2,"minecraft:oak_planks":2,"minecraft:raw_iron":35,"minecraft:stick":1,"minecraft:oak_door":1,"minecraft:torch":2,"tombstone:grave_dust":1,"minecraft:arrow":3,"minecraft:rotten_flesh":7,"minecraft:granite":4,"scalinghealth:cursed_heart":1,"minecraft:oak_sapling":2,"minecraft:coal":23,"minecraft:cobblestone":20}},"DataVersion":3120}