{"stats":{"minecraft:mined":{"minecraft:oak_leaves":1},"minecraft:custom":{"minecraft:jump":7,"minecraft:open_chest":1,"minecraft:time_since_rest":1491,"minecraft:interact_with_furnace":6,"minecraft:sprint_one_cm":297,"minecraft:play_time":1491,"minecraft:time_since_death":1491,"minecraft:walk_one_cm":1902,"minecraft:sneak_time":13,"minecraft:total_world_time":1491,"minecraft:interact_with_crafting_table":2,"minecraft:fall_one_cm":209,"minecraft:fly_one_cm":246},"minecraft:crafted":{"minecraft:birch_planks":56,"minecraft:shield":1,"minecraft:air":0,"minecraft:iron_ingot":43}},"DataVersion":3120}