{"stats":{"minecraft:picked_up":{"minecraft:crafting_table":1,"minecraft:birch_log":49,"minecraft:stick":14,"tconstruct:crafting_station":1,"minecraft:feather":2,"minecraft:chicken":1,"minecraft:oak_door":1,"minecraft:torch":8,"minecraft:oak_log":19,"minecraft:dirt":15,"minecraft:apple":1,"tconstruct:tinker_station":1,"minecraft:beef":3,"minecraft:coal":35,"minecraft:sugar_cane":2,"minecraft:mutton":7,"minecraft:oak_sapling":5,"minecraft:chest":1,"minecraft:birch_sapling":6,"minecraft:oak_planks":8,"minecraft:white_wool":5,"minecraft:cobblestone":95,"minecraft:egg":2},"minecraft:mined":{"tconstruct:part_builder":1,"minecraft:white_bed":1,"tconstruct:tinker_station":1,"minecraft:birch_log":1,"minecraft:birch_leaves":3,"minecraft:crafting_table":1,"minecraft:torch":3,"minecraft:grass":1,"minecraft:coal_ore":35,"minecraft:grass_block":5,"minecraft:oak_log":3,"minecraft:chest":1,"minecraft:dirt":10,"tconstruct:crafting_station":1,"minecraft:cobblestone":6,"minecraft:stone":89,"minecraft:sugar_cane":1,"minecraft:oak_planks":13,"minecraft:oak_leaves":2,"minecraft:wall_torch":4},"minecraft:custom":{"minecraft:time_since_rest":19347,"minecraft:interact_with_furnace":7,"minecraft:sprint_one_cm":25453,"minecraft:walk_one_cm":53043,"minecraft:damage_taken":96,"minecraft:mob_kills":7,"minecraft:damage_dealt":810,"minecraft:swim_one_cm":1513,"minecraft:interact_with_crafting_table":8,"minecraft:fly_one_cm":27429,"minecraft:open_chest":8,"minecraft:crouch_one_cm":5979,"minecraft:play_time":25491,"minecraft:walk_under_water_one_cm":3633,"minecraft:sneak_time":2922,"minecraft:jump":193,"minecraft:walk_on_water_one_cm":4047,"minecraft:time_since_death":25491,"minecraft:sleep_in_bed":1,"minecraft:climb_one_cm":2310,"minecraft:total_world_time":25491,"minecraft:fall_one_cm":4403},"minecraft:killed":{"minecraft:sheep":5,"minecraft:chicken":1,"minecraft:cow":1},"minecraft:used":{"minecraft:oak_log":1,"minecraft:oak_trapdoor":2,"minecraft:iron_axe":61,"minecraft:iron_pickaxe":132,"minecraft:oak_planks":172,"minecraft:chest":1,"minecraft:oak_door":1,"minecraft:torch":5,"minecraft:dirt":15,"minecraft:crafting_table":2,"minecraft:furnace":2},"minecraft:crafted":{"minecraft:oak_slab":12,"minecraft:oak_planks":320,"minecraft:iron_chestplate":1,"minecraft:shield":1,"minecraft:iron_axe":1,"minecraft:crafting_table":1,"minecraft:stick":4,"minecraft:iron_ingot":43,"minecraft:iron_pickaxe":1,"minecraft:chest":2,"minecraft:furnace":2,"minecraft:birch_planks":56,"minecraft:air":0,"minecraft:oak_trapdoor":2}},"DataVersion":3120}