{"stats":{"minecraft:picked_up":{"minecraft:birch_log":49,"minecraft:stick":14,"tconstruct:crafting_station":1,"minecraft:torch":7,"minecraft:oak_log":17,"minecraft:apple":1,"tconstruct:tinker_station":1,"minecraft:oak_sapling":5,"minecraft:chest":1,"minecraft:birch_sapling":6,"minecraft:oak_planks":2},"minecraft:mined":{"tconstruct:part_builder":1,"minecraft:white_bed":1,"tconstruct:tinker_station":1,"minecraft:birch_log":1,"minecraft:birch_leaves":3,"minecraft:torch":3,"minecraft:oak_log":1,"minecraft:chest":1,"tconstruct:crafting_station":1,"minecraft:oak_planks":7,"minecraft:oak_leaves":2,"minecraft:wall_torch":4},"minecraft:custom":{"minecraft:time_since_rest":7347,"minecraft:interact_with_furnace":7,"minecraft:sprint_one_cm":2400,"minecraft:walk_one_cm":15619,"minecraft:damage_taken":60,"minecraft:damage_dealt":50,"minecraft:interact_with_crafting_table":4,"minecraft:fly_one_cm":4197,"minecraft:open_chest":6,"minecraft:crouch_one_cm":4677,"minecraft:play_time":13491,"minecraft:sneak_time":1912,"minecraft:jump":54,"minecraft:time_since_death":13491,"minecraft:sleep_in_bed":1,"minecraft:total_world_time":13491,"minecraft:fall_one_cm":1171},"minecraft:used":{"minecraft:oak_log":1,"minecraft:iron_axe":35,"minecraft:oak_planks":13,"minecraft:chest":1},"minecraft:crafted":{"minecraft:oak_planks":64,"minecraft:iron_chestplate":1,"minecraft:shield":1,"minecraft:iron_axe":1,"minecraft:stick":4,"minecraft:iron_ingot":43,"minecraft:iron_pickaxe":1,"minecraft:birch_planks":56,"minecraft:air":0}},"DataVersion":3120}