{"stats":{"minecraft:picked_up":{"irons_spellbooks:scroll":1,"minecraft:crafting_table":1,"minecraft:feather":2,"minecraft:chicken":4,"irons_spellbooks:tarnished_helmet":1,"minecraft:leather":2,"minecraft:oak_log":16,"gravestone:obituary":2,"minecraft:dirt":10,"man:cassette_1safetyinstructions":2,"minecraft:bow":1,"irons_spellbooks:arcane_essence":2,"minecraft:wheat_seeds":1,"minecraft:stone_pickaxe":1,"minecraft:egg":4,"minecraft:stick":6,"minecraft:raw_iron":35,"minecraft:porkchop":7,"minecraft:grass_block":1,"minecraft:arrow":1,"minecraft:oak_sapling":8,"minecraft:coal":72,"minecraft:cobblestone":461,"minecraft:ender_pearl":1},"minecraft:custom":{"minecraft:interact_with_furnace":17,"minecraft:mob_kills":14,"minecraft:interact_with_crafting_table":19,"minecraft:leave_game":8,"minecraft:time_since_death":982,"minecraft:time_since_rest":1018,"minecraft:sprint_one_cm":61719,"minecraft:damage_taken":875,"minecraft:walk_one_cm":68331,"minecraft:drop":15,"minecraft:damage_dealt":2253,"minecraft:fly_one_cm":117022,"minecraft:crouch_one_cm":3447,"minecraft:play_time":39661,"minecraft:deaths":3,"minecraft:sneak_time":1463,"minecraft:jump":609,"minecraft:total_world_time":39661,"minecraft:fall_one_cm":15570},"minecraft:killed_by":{"irons_spellbooks:necromancer":3},"minecraft:killed":{"minecraft:pig":4,"irons_spellbooks:summoned_zombie":2,"irons_spellbooks:necromancer":1,"minecraft:chicken":4,"minecraft:llama":1,"irons_spellbooks:summoned_skeleton":1,"minecraft:enderman":1},"minecraft:crafted":{"minecraft:oak_door":3,"minecraft:oak_planks":52,"minecraft:cooked_porkchop":7,"minecraft:crafting_table":1,"minecraft:wooden_pickaxe":1,"minecraft:cooked_chicken":4,"minecraft:furnace":2,"minecraft:stone":6,"minecraft:stone_axe":1,"minecraft:air":0,"minecraft:iron_chestplate":1,"minecraft:shield":1,"justhammers:stone_hammer":1,"minecraft:stick":12,"minecraft:iron_pickaxe":2,"minecraft:iron_ingot":15,"minecraft:stone_pickaxe":1},"minecraft:used":{"minecraft:stone_pickaxe":75,"minecraft:oak_planks":22,"minecraft:wooden_pickaxe":11,"minecraft:oak_door":1,"minecraft:crafting_table":3,"minecraft:iron_pickaxe":127,"justhammers:stone_hammer":53,"minecraft:stone_axe":60,"minecraft:cobblestone":32,"minecraft:furnace":2,"minecraft:oak_sapling":1,"minecraft:cooked_porkchop":2},"minecraft:mined":{"minecraft:crafting_table":1,"gravestone:gravestone":4,"biomesoplenty:bush":19,"minecraft:grass_block":5,"biomesoplenty:high_grass_plant":1,"minecraft:cobblestone":1,"minecraft:iron_ore":38,"minecraft:grass":6,"minecraft:oak_log":8,"minecraft:coal_ore":40,"minecraft:dirt":7,"minecraft:stone":133,"minecraft:oak_leaves":15},"minecraft:dropped":{"minecraft:stone_axe":1,"minecraft:oak_log":1,"minecraft:oak_planks":5,"man:cassette_1safetyinstructions":2,"minecraft:stick":2,"gravestone:obituary":3,"minecraft:wooden_pickaxe":1,"minecraft:stone_pickaxe":3,"minecraft:iron_pickaxe":1}},"DataVersion":3465}