{"stats":{"minecraft:dropped":{"minecraft:stone_axe":1,"minecraft:oak_trapdoor":3,"minecraft:cobbled_deepslate":2,"minecraft:rotten_flesh":9,"man:cassette_1safetyinstructions":1,"minecraft:apple":1,"evilcraft:flesh_humanoid":1,"minecraft:gunpowder":1,"minecraft:diorite":20,"minecraft:oak_stairs":6,"minecraft:wooden_pickaxe":2,"minecraft:stone_pickaxe":1},"minecraft:killed":{"minecraft:spider":1,"minecraft:creeper":1,"minecraft:skeleton":1,"minecraft:zombie":15},"minecraft:broken":{"minecraft:stone_pickaxe":1,"minecraft:stone_axe":2},"minecraft:killed_by":{"minecraft:spider":1},"minecraft:mined":{"minecraft:tuff":1,"minecraft:white_bed":1,"minecraft:torch":2,"minecraft:granite":2,"minecraft:ladder":2,"minecraft:grass_block":15,"minecraft:copper_ore":3,"minecraft:cobblestone":2,"minecraft:deepslate_gold_ore":2,"minecraft:oak_planks":26,"minecraft:diorite":20,"minecraft:wall_torch":1,"minecraft:birch_planks":3,"minecraft:oak_trapdoor":2,"minecraft:iron_ore":20,"minecraft:cobbled_deepslate":1,"minecraft:andesite":1,"minecraft:grass":3,"minecraft:oak_log":22,"minecraft:coal_ore":29,"minecraft:deepslate_iron_ore":6,"minecraft:dirt":33,"minecraft:stone":91,"minecraft:oak_leaves":10,"minecraft:deepslate":8},"minecraft:crafted":{"minecraft:oak_door":6,"minecraft:oak_planks":200,"minecraft:stone_shovel":1,"minecraft:crafting_table":6,"minecraft:wooden_pickaxe":1,"minecraft:furnace":2,"minecraft:bucket":1,"minecraft:birch_planks":12,"minecraft:stone_axe":3,"minecraft:cooked_mutton":2,"minecraft:air":0,"minecraft:oak_trapdoor":2,"minecraft:charcoal":1,"minecraft:shield":1,"minecraft:ladder":6,"minecraft:stick":12,"minecraft:iron_ingot":8,"minecraft:iron_pickaxe":1,"minecraft:stone_pickaxe":2,"minecraft:oak_stairs":36,"minecraft:stone_sword":1,"minecraft:chest":1,"minecraft:torch":36},"minecraft:custom":{"minecraft:interact_with_furnace":15,"minecraft:mob_kills":20,"minecraft:interact_with_crafting_table":46,"minecraft:leave_game":1,"minecraft:time_since_death":77597,"minecraft:sleep_in_bed":3,"minecraft:climb_one_cm":6415,"minecraft:time_since_rest":33620,"minecraft:sprint_one_cm":101351,"minecraft:damage_taken":1955,"minecraft:walk_one_cm":366874,"minecraft:damage_blocked_by_shield":637,"minecraft:drop":17,"minecraft:damage_dealt":3658,"minecraft:swim_one_cm":10022,"minecraft:fly_one_cm":101876,"minecraft:open_chest":6,"minecraft:crouch_one_cm":25765,"minecraft:play_time":93139,"tombstone:undead_killed":16,"minecraft:deaths":1,"minecraft:sneak_time":10359,"minecraft:walk_under_water_one_cm":532,"minecraft:jump":929,"minecraft:walk_on_water_one_cm":6759,"minecraft:total_world_time":93139,"minecraft:fall_one_cm":18841,"minecraft:horse_one_cm":990},"minecraft:used":{"minecraft:oak_trapdoor":4,"minecraft:cooked_mutton":2,"minecraft:stone_sword":58,"minecraft:birch_planks":7,"minecraft:stone_shovel":14,"minecraft:stone_pickaxe":115,"minecraft:oak_planks":71,"minecraft:ladder":8,"minecraft:shield":21,"minecraft:chest":1,"minecraft:wooden_pickaxe":14,"minecraft:oak_door":7,"minecraft:torch":37,"minecraft:dirt":33,"scalinghealth:heart_crystal":1,"minecraft:crafting_table":6,"minecraft:white_bed":2,"minecraft:oak_log":10,"minecraft:apple":11,"minecraft:oak_stairs":30,"minecraft:iron_pickaxe":105,"minecraft:stone_axe":96,"minecraft:cobblestone":19,"minecraft:furnace":2,"tombstone:gift":1,"minecraft:cobbled_deepslate":8,"tconstruct:part_builder":1},"minecraft:picked_up":{"minecraft:birch_log":22,"minecraft:feather":2,"minecraft:ladder":8,"tconstruct:part_builder":1,"minecraft:lead":1,"minecraft:wooden_pickaxe":1,"minecraft:enchanted_book":1,"minecraft:birch_planks":3,"minecraft:oak_log":253,"minecraft:gunpowder":1,"scalinghealth:heart_crystal":1,"minecraft:dirt":56,"minecraft:oak_trapdoor":5,"minecraft:raw_copper":11,"man:cassette_1safetyinstructions":1,"minecraft:apple":12,"minecraft:wheat_seeds":2,"minecraft:cobbled_deepslate":11,"minecraft:raw_gold":2,"tombstone:bag_of_seeds":1,"minecraft:light_gray_wool":1,"minecraft:birch_sapling":11,"minecraft:oak_planks":41,"minecraft:stick":78,"minecraft:raw_iron":26,"minecraft:oak_door":3,"minecraft:torch":5,"tombstone:grave_dust":1,"minecraft:diorite":20,"minecraft:white_bed":2,"minecraft:bundle":1,"tconstruct:tool_binding":1,"minecraft:arrow":1,"minecraft:rotten_flesh":22,"minecraft:granite":2,"tombstone:essence_of_undeath":1,"tombstone:magic_scroll":1,"minecraft:oak_sapling":72,"minecraft:coal":30,"minecraft:white_wool":2,"minecraft:cobblestone":93}},"DataVersion":3120}