{"stat.leaveGame":8,"stat.pickup.minecraft.deadbush":5,"stat.craftItem.minecraft.iron_axe":1,"stat.pickup.srparasites.parasitecanister":1,"stat.useItem.minecraft.planks":549,"stat.craftItem.minecraft.shield":1,"stat.pickup.minecraft.porkchop":178,"stat.craftItem.evilcraft.blood_infusion_core":2,"stat.useItem.minecraft.water_bucket":14,"stat.mineBlock.minecraft.stone_brick_stairs":1,"stat.pickup.minecraft.rotten_flesh":17,"stat.craftItem.evilcraft.bowl_of_promises":2,"stat.pickup.minecraft.sand":45,"stat.craftItem.minecraft.stone_axe":3,"stat.killEntity.Enderman":3,"stat.craftItem.minecraft.iron_shovel":2,"stat.mineBlock.minecraft.sand":47,"stat.useItem.minecraft.iron_pickaxe":1416,"stat.craftItem.minecraft.wooden_pickaxe":1,"stat.useItem.minecraft.iron_shovel":74,"stat.drop.evilcraft.vengeance_pickaxe":1,"stat.useItem.evilcraft.undead_sapling":5,"stat.craftItem.minecraft.bed":1,"stat.craftItem.minecraft.glass_pane":32,"stat.furnaceInteraction":117,"stat.pickup.srparasites.lurecomponent2":1,"stat.pickup.srparasites.lurecomponent3":2,"stat.pickup.srparasites.lurecomponent1":40,"stat.craftItem.evilcraft.dark_stick":8,"stat.pickup.minecraft.beef":4,"stat.useItem.minecraft.cooked_mutton":6,"stat.pickup.minecraft.furnace":2,"stat.useItem.minecraft.trapdoor":12,"stat.pickup.tombstone.magic_scroll":1,"stat.pickup.minecraft.emerald":7,"stat.deaths":8,"stat.pickup.minecraft.egg":13,"stat.playOneMinute":319651,"stat.craftItem.minecraft.iron_pickaxe":3,"stat.pickup.minecraft.glass_pane":1,"stat.mineBlock.minecraft.tallgrass":64,"stat.craftItem.minecraft.cooked_mutton":3,"stat.pickup.minecraft.cooked_mutton":3,"stat.chestOpened":166,"stat.pickup.minecraft.spruce_door":8,"stat.useItem.minecraft.stone":11,"stat.pickup.minecraft.arrow":6,"stat.mineBlock.evilcraft.blood_infuser":2,"stat.craftItem.minecraft.coal":18,"stat.craftItem.minecraft.iron_nugget":27,"stat.fallOneCm":114047,"stat.craftItem.evilcraft.dark_spike":16,"stat.crouchOneCm":33988,"stat.mineBlock.minecraft.chest":3,"stat.craftItem.minecraft.chest":13,"stat.craftItem.minecraft.iron_ingot":130,"stat.pickup.evilcraft.hardened_blood_shard":18,"stat.craftingTableInteraction":94,"stat.pickup.cgm.silencer":1,"stat.mineBlock.evilcraft.undead_log":10,"stat.pickup.minecraft.wooden_pickaxe":1,"stat.pickup.minecraft.feather":11,"stat.pickup.minecraft.record_cat":1,"stat.useItem.minecraft.furnace":1,"stat.useItem.minecraft.reeds":20,"stat.pickup.minecraft.dye":5,"stat.pickup.minecraft.planks":69,"stat.killEntity.Llama":13,"stat.pickup.evilcraft.promise_acceptor":1,"stat.pickup.minecraft.wheat_seeds":13,"stat.mineBlock.minecraft.gravel":14,"stat.useItem.minecraft.stone_pickaxe":74,"stat.craftItem.minecraft.iron_leggings":1,"stat.mineBlock.minecraft.dirt":73,"stat.craftItem.minecraft.leather":9,"stat.useItem.minecraft.torch":53,"stat.useItem.minecraft.bread":1,"stat.craftItem.evilcraft.vengeance_pickaxe":1,"stat.pickup.minecraft.crafting_table":3,"stat.useItem.minecraft.cobblestone":273,"stat.craftItem.minecraft.crafting_table":2,"stat.mineBlock.minecraft.double_plant":8,"stat.pickup.minecraft.log":234,"stat.pickup.usefulbackpacks.backpack":1,"stat.craftItem.usefulbackpacks.backpack":4,"stat.pickup.minecraft.chicken":8,"stat.pickup.minecraft.sapling":35,"stat.useItem.minecraft.glass_pane":19,"stat.craftItem.minecraft.bucket":1,"stat.craftItem.minecraft.planks":672,"stat.useItem.minecraft.iron_sword":408,"stat.craftItem.minecraft.deadbush":6,"stat.pickup.minecraft.stone_sword":1,"stat.useItem.minecraft.stonebrick":143,"stat.mineBlock.minecraft.log":235,"stat.useItem.minecraft.spruce_door":9,"stat.pickup.minecraft.red_flower":8,"stat.sneakTime":15834,"stat.pickup.minecraft.wool":12,"stat.pickup.minecraft.stone_slab":20,"stat.pickup.minecraft.chest":3,"stat.craftItem.minecraft.spruce_door":6,"stat.pickup.minecraft.bone":7,"stat.useItem.minecraft.iron_axe":13,"stat.mineBlock.minecraft.cobblestone":44,"stat.pickup.minecraft.stone_pickaxe":1,"stat.pickup.minecraft.flint":1,"stat.craftItem.minecraft.stone_brick_stairs":8,"stat.mineBlock.srparasites.gore":54,"stat.mineBlock.minecraft.concrete":3,"stat.craftItem.minecraft.wool":2,"stat.craftItem.evilcraft.undead_plank":8,"stat.swimOneCm":66870,"stat.useItem.minecraft.concrete_powder":3,"stat.useItem.minecraft.dirt":28,"stat.useItem.minecraft.stone_slab2":92,"stat.craftItem.minecraft.furnace":4,"stat.craftItem.minecraft.iron_boots":1,"stat.craftItem.minecraft.trapdoor":10,"stat.craftItem.minecraft.stone_pickaxe":1,"stat.craftItem.minecraft.cooked_beef":1,"stat.pickup.minecraft.cobblestone":1151,"stat.flyOneCm":859313,"stat.useItem.minecraft.cooked_beef":1,"stat.craftItem.minecraft.wooden_slab":12,"stat.pickup.minecraft.redstone":31,"stat.mineBlock.minecraft.iron_ore":86,"stat.timeSinceDeath":104692,"stat.useItem.minecraft.wooden_slab":10,"stat.pickup.minecraft.mutton":18,"stat.pickup.minecraft.mossy_cobblestone":3,"stat.craftItem.minecraft.iron_block":1,"stat.craftItem.minecraft.stonebrick":188,"stat.pickup.cgm.basic_ammo":96,"stat.pickup.minecraft.stonebrick":31,"stat.craftItem.minecraft.concrete_powder":24,"stat.drop.minecraft.dirt":1,"stat.useItem.minecraft.cooked_porkchop":41,"stat.pickup.minecraft.trapdoor":10,"stat.drop.evilcraft.dark_gem":1,"stat.mineBlock.minecraft.coal_ore":149,"stat.killEntity.Creeper":6,"stat.pickup.minecraft.string":8,"stat.pickup.cgm.advanced_ammo":48,"stat.pickup.tombstone.crafting_ingredient":5,"stat.drop.usefulbackpacks.backpack":1,"stat.craftItem.minecraft.stone_slab2":0,"stat.killEntity.Squid":3,"stat.sprintOneCm":632908,"stat.mineBlock.minecraft.stone_slab":21,"stat.craftItem.minecraft.stick":32,"stat.useItem.minecraft.stone_slab":37,"stat.craftItem.minecraft.stone":192,"stat.craftItem.evilcraft.blood_extractor":6,"stat.mineBlock.minecraft.crafting_table":3,"stat.mineBlock.minecraft.planks":75,"stat.drop":9,"stat.killEntity.Sheep":11,"stat.killEntity.Zombie":20,"stat.craftItem.minecraft.dye":3,"stat.mineBlock.minecraft.gold_ore":12,"stat.diveOneCm":44871,"stat.pickup.cgm.scope":1,"stat.drop.minecraft.wooden_pickaxe":1,"stat.pickup.minecraft.gravel":14,"stat.craftItem.minecraft.cooked_porkchop":130,"stat.pickup.minecraft.stone_axe":1,"stat.drop.minecraft.cooked_porkchop":2,"stat.pickup.minecraft.stone_brick_stairs":1,"stat.jump":4573,"stat.pickup.minecraft.coal":159,"stat.pickup.minecraft.iron_ingot":11,"stat.useItem.minecraft.stone_axe":143,"stat.pickup.minecraft.gunpowder":5,"stat.pickup.minecraft.spider_eye":1,"stat.craftItem.minecraft.torch":44,"stat.pickup.minecraft.dirt":87,"stat.craftItem.minecraft.iron_helmet":1,"stat.pickup.evilcraft.dark_gem_crushed":4,"stat.pickup.minecraft.iron_ore":88,"stat.useItem.minecraft.sapling":10,"stat.pickup.minecraft.gold_ore":12,"stat.craftItem.minecraft.flint_and_steel":1,"stat.damageTaken":4798,"stat.pickup.minecraft.leather":14,"stat.useItem.minecraft.stone_brick_stairs":6,"stat.mineBlock.minecraft.red_flower":4,"stat.mineBlock.minecraft.furnace":2,"stat.mineBlock.minecraft.torch":8,"stat.useItem.minecraft.wooden_pickaxe":25,"stat.pickup.evilcraft.dark_gem":41,"stat.mineBlock.minecraft.sapling":1,"stat.pickup.srparasites.assimilated_flesh":15,"stat.pickup.minecraft.reeds":22,"stat.craftItem.cgm.workbench":1,"stat.pickup.minecraft.bed":2,"tombstone:undead_killed":27,"stat.pickup.minecraft.concrete":3,"stat.damageDealt":21031,"stat.craftItem.minecraft.glass":33,"stat.sleepInBed":20,"stat.killEntity.Cow":2,"stat.killEntity.Pig":68,"stat.craftItem.minecraft.iron_sword":1,"stat.pickup.evilcraft.dark_power_gem":1,"stat.craftItem.minecraft.stone_slab":24,"stat.walkOneCm":847422,"stat.useItem.minecraft.chest":11,"stat.pickup.evilcraft.undead_log":10,"stat.pickup.minecraft.stick":5,"stat.craftItem.evilcraft.blood_infuser":1,"stat.pickup.cgm.handgun":2,"stat.craftItem.evilcraft.blood_chest":1,"stat.useItem.minecraft.lava_bucket":1,"stat.pickup.cgm.rifle":1,"stat.useItem.tombstone.gift":1,"stat.drop.minecraft.iron_chestplate":1,"stat.pickup.minecraft.stone":65,"stat.useItem.minecraft.spruce_stairs":3,"stat.craftItem.minecraft.iron_chestplate":2,"stat.craftItem.evilcraft.promise":1,"stat.pickup.minecraft.ender_pearl":2,"stat.killEntity.Skeleton":7,"stat.pickup.evilcraft.blood_infuser":2,"stat.mineBlock.minecraft.stonebrick":31,"stat.killEntity.Chicken":8,"stat.killEntity.Spider":3,"stat.drop.cgm.handgun":1,"stat.mobKills":205,"stat.craftItem.minecraft.shears":1,"stat.pickup.minecraft.diamond":3,"stat.mineBlock.minecraft.leaves":24,"stat.pickup.minecraft.torch":20,"stat.mineBlock.srparasites.parasitecanister":1,"stat.mineBlock.minecraft.redstone_ore":2,"stat.pickup.evilcraft.werewolf_flesh":2,"stat.craftItem.minecraft.spruce_stairs":4,"stat.mineBlock.minecraft.stone":1153}