{"stats":{"minecraft:picked_up":{"minecraft:birch_log":22,"minecraft:crafting_table":1,"minecraft:feather":2,"minecraft:ladder":8,"tconstruct:part_builder":1,"minecraft:lead":1,"minecraft:wooden_pickaxe":1,"minecraft:birch_planks":3,"minecraft:enchanted_book":1,"minecraft:oak_log":253,"minecraft:gunpowder":1,"scalinghealth:heart_crystal":1,"minecraft:dirt":56,"minecraft:oak_trapdoor":5,"minecraft:raw_copper":11,"man:cassette_1safetyinstructions":1,"minecraft:bone":2,"minecraft:apple":12,"minecraft:wheat_seeds":2,"minecraft:cobbled_deepslate":11,"minecraft:raw_gold":5,"tombstone:bag_of_seeds":1,"minecraft:light_gray_wool":1,"minecraft:birch_sapling":11,"minecraft:oak_planks":41,"minecraft:stick":78,"minecraft:raw_iron":54,"scalinghealth:heart_crystal_shard":8,"minecraft:oak_door":3,"minecraft:torch":5,"tombstone:grave_dust":7,"minecraft:diorite":44,"minecraft:white_bed":2,"tombstone:lollipop":1,"minecraft:bundle":1,"tconstruct:tool_binding":1,"minecraft:arrow":2,"minecraft:rotten_flesh":31,"minecraft:granite":8,"tombstone:essence_of_undeath":1,"tombstone:magic_scroll":1,"minecraft:oak_sapling":72,"minecraft:coal":79,"minecraft:white_wool":2,"minecraft:cobblestone":156},"minecraft:dropped":{"minecraft:stone_axe":1,"minecraft:oak_trapdoor":3,"minecraft:cobbled_deepslate":2,"minecraft:stone_shovel":1,"minecraft:rotten_flesh":9,"man:cassette_1safetyinstructions":2,"minecraft:apple":1,"evilcraft:flesh_humanoid":1,"minecraft:gunpowder":1,"minecraft:diorite":20,"minecraft:oak_stairs":6,"minecraft:wooden_pickaxe":2,"minecraft:stone_pickaxe":1},"minecraft:broken":{"minecraft:stone_pickaxe":1,"minecraft:stone_axe":2,"minecraft:iron_pickaxe":1},"minecraft:mined":{"minecraft:tuff":1,"minecraft:white_bed":1,"minecraft:crafting_table":1,"minecraft:torch":2,"minecraft:ladder":2,"minecraft:granite":8,"minecraft:grass_block":15,"minecraft:copper_ore":3,"minecraft:cobblestone":4,"minecraft:deepslate_gold_ore":2,"minecraft:oak_planks":26,"minecraft:diorite":48,"minecraft:wall_torch":1,"minecraft:birch_planks":3,"minecraft:oak_trapdoor":2,"minecraft:iron_ore":48,"minecraft:cobbled_deepslate":1,"minecraft:andesite":2,"minecraft:grass":3,"minecraft:oak_log":22,"minecraft:coal_ore":78,"minecraft:deepslate_iron_ore":6,"minecraft:dirt":33,"minecraft:stone":152,"minecraft:gold_ore":3,"minecraft:oak_leaves":10,"minecraft:deepslate":8},"minecraft:custom":{"minecraft:interact_with_furnace":15,"minecraft:mob_kills":30,"minecraft:interact_with_crafting_table":48,"minecraft:leave_game":2,"minecraft:time_since_death":94018,"minecraft:sleep_in_bed":3,"minecraft:climb_one_cm":6415,"minecraft:time_since_rest":50041,"minecraft:sprint_one_cm":125635,"minecraft:damage_taken":2172,"minecraft:walk_one_cm":395640,"minecraft:damage_blocked_by_shield":817,"minecraft:drop":19,"tombstone:eaten_lollipop":1,"minecraft:damage_dealt":6010,"minecraft:swim_one_cm":10448,"minecraft:fly_one_cm":119752,"minecraft:open_chest":6,"minecraft:crouch_one_cm":31288,"minecraft:play_time":109560,"tombstone:undead_killed":25,"minecraft:deaths":1,"minecraft:sneak_time":12665,"minecraft:walk_under_water_one_cm":1645,"minecraft:jump":1134,"minecraft:walk_on_water_one_cm":7089,"minecraft:total_world_time":109560,"minecraft:fall_one_cm":22220,"minecraft:horse_one_cm":990},"minecraft:killed":{"minecraft:spider":1,"minecraft:creeper":2,"minecraft:skeleton":3,"minecraft:zombie":22},"minecraft:used":{"minecraft:oak_trapdoor":4,"minecraft:cooked_mutton":2,"minecraft:stone_sword":110,"minecraft:birch_planks":7,"minecraft:ladder":8,"minecraft:stone_shovel":14,"minecraft:stone_pickaxe":148,"minecraft:oak_planks":72,"minecraft:chest":1,"minecraft:wooden_pickaxe":14,"minecraft:shield":26,"tombstone:lollipop":1,"minecraft:oak_door":7,"minecraft:torch":69,"minecraft:dirt":33,"scalinghealth:heart_crystal":1,"minecraft:crafting_table":7,"minecraft:white_bed":2,"minecraft:oak_log":10,"minecraft:apple":11,"minecraft:oak_stairs":30,"minecraft:iron_pickaxe":250,"minecraft:stone_axe":97,"minecraft:cobblestone":30,"minecraft:furnace":2,"minecraft:bucket":1,"tombstone:gift":1,"tconstruct:part_builder":1,"minecraft:cobbled_deepslate":8},"minecraft:crafted":{"minecraft:oak_door":6,"minecraft:oak_planks":204,"minecraft:stone_shovel":1,"minecraft:crafting_table":7,"minecraft:wooden_pickaxe":1,"minecraft:furnace":2,"minecraft:bucket":1,"minecraft:birch_planks":12,"minecraft:stone_axe":4,"minecraft:cooked_mutton":2,"minecraft:air":0,"minecraft:oak_trapdoor":2,"minecraft:charcoal":1,"minecraft:shield":1,"minecraft:ladder":6,"minecraft:stick":16,"minecraft:iron_ingot":8,"minecraft:iron_pickaxe":1,"minecraft:stone_pickaxe":3,"minecraft:oak_stairs":36,"minecraft:stone_sword":1,"minecraft:chest":1,"minecraft:torch":68},"minecraft:killed_by":{"minecraft:spider":1}},"DataVersion":3120}