{"stats":{"minecraft:picked_up":{"irons_spellbooks:scroll":1,"minecraft:crafting_table":1,"minecraft:stick":2,"minecraft:raw_iron":32,"minecraft:feather":2,"minecraft:chicken":4,"irons_spellbooks:tarnished_helmet":1,"minecraft:leather":2,"minecraft:porkchop":7,"minecraft:oak_log":8,"gravestone:obituary":1,"minecraft:grass_block":1,"minecraft:dirt":10,"man:cassette_1safetyinstructions":2,"minecraft:arrow":1,"irons_spellbooks:arcane_essence":2,"minecraft:wheat_seeds":1,"minecraft:stone_pickaxe":1,"minecraft:oak_sapling":4,"minecraft:coal":17,"minecraft:ender_pearl":1,"minecraft:cobblestone":41,"minecraft:egg":4},"minecraft:custom":{"minecraft:time_since_rest":610,"minecraft:interact_with_furnace":13,"minecraft:sprint_one_cm":47246,"minecraft:damage_taken":639,"minecraft:walk_one_cm":48084,"minecraft:mob_kills":12,"minecraft:drop":15,"minecraft:damage_dealt":1859,"minecraft:interact_with_crafting_table":16,"minecraft:fly_one_cm":106674,"minecraft:crouch_one_cm":523,"minecraft:play_time":27345,"minecraft:deaths":2,"minecraft:sneak_time":161,"minecraft:jump":472,"minecraft:leave_game":5,"minecraft:time_since_death":529,"minecraft:total_world_time":27345,"minecraft:fall_one_cm":14467},"minecraft:killed_by":{"irons_spellbooks:necromancer":2},"minecraft:killed":{"irons_spellbooks:summoned_zombie":1,"minecraft:pig":4,"minecraft:chicken":4,"minecraft:llama":1,"irons_spellbooks:necromancer":1,"minecraft:enderman":1},"minecraft:crafted":{"minecraft:oak_door":3,"minecraft:oak_planks":52,"minecraft:cooked_porkchop":2,"minecraft:shield":1,"minecraft:crafting_table":1,"minecraft:stick":12,"minecraft:iron_pickaxe":2,"minecraft:iron_ingot":15,"minecraft:wooden_pickaxe":1,"minecraft:stone_pickaxe":1,"minecraft:furnace":2,"minecraft:stone_axe":1,"minecraft:air":0},"minecraft:used":{"minecraft:iron_pickaxe":5,"minecraft:stone_pickaxe":75,"minecraft:oak_planks":22,"minecraft:wooden_pickaxe":11,"minecraft:oak_door":1,"minecraft:stone_axe":54,"minecraft:cobblestone":26,"minecraft:cooked_porkchop":2,"minecraft:crafting_table":3,"minecraft:furnace":2,"minecraft:oak_sapling":1},"minecraft:mined":{"minecraft:iron_ore":32,"minecraft:crafting_table":1,"gravestone:gravestone":4,"minecraft:grass_block":5,"minecraft:grass":6,"biomesoplenty:bush":19,"minecraft:oak_log":8,"minecraft:coal_ore":18,"minecraft:dirt":7,"biomesoplenty:high_grass_plant":1,"minecraft:cobblestone":1,"minecraft:stone":39,"minecraft:oak_leaves":15},"minecraft:dropped":{"minecraft:stone_axe":1,"minecraft:oak_log":1,"gravestone:obituary":3,"minecraft:oak_planks":5,"man:cassette_1safetyinstructions":2,"minecraft:stone_pickaxe":3,"minecraft:wooden_pickaxe":1,"minecraft:iron_pickaxe":1,"minecraft:stick":2}},"DataVersion":3465}