{"stats":{"minecraft:picked_up":{"minecraft:crafting_table":3,"minecraft:ladder":8,"minecraft:lead":1,"minecraft:wooden_pickaxe":1,"minecraft:enchanted_book":1,"minecraft:oak_trapdoor":7,"minecraft:raw_copper":11,"minecraft:cobbled_deepslate":11,"minecraft:light_gray_wool":1,"minecraft:birch_sapling":11,"minecraft:furnace":1,"minecraft:raw_iron":54,"minecraft:stick":107,"minecraft:oak_door":3,"minecraft:torch":8,"tombstone:grave_dust":7,"minecraft:diorite":44,"tombstone:lollipop":1,"tconstruct:tool_binding":1,"minecraft:stone_sword":1,"minecraft:arrow":4,"minecraft:rotten_flesh":31,"tombstone:essence_of_undeath":1,"minecraft:white_wool":2,"minecraft:cobblestone":288,"minecraft:stripped_oak_log":1,"minecraft:birch_log":22,"minecraft:feather":4,"tconstruct:part_builder":1,"minecraft:birch_planks":3,"minecraft:oak_log":355,"minecraft:gunpowder":1,"scalinghealth:heart_crystal":1,"minecraft:dirt":57,"man:cassette_1safetyinstructions":1,"minecraft:bone":2,"minecraft:apple":19,"minecraft:wheat_seeds":2,"minecraft:raw_gold":5,"minecraft:stone_pickaxe":1,"tombstone:bag_of_seeds":1,"minecraft:oak_planks":50,"scalinghealth:heart_crystal_shard":8,"minecraft:white_bed":4,"minecraft:bundle":1,"minecraft:granite":8,"minecraft:oak_sapling":101,"tombstone:magic_scroll":2,"minecraft:coal":79},"minecraft:dropped":{"man:cassette_1safetyinstructions":2,"minecraft:apple":1,"minecraft:diorite":20,"minecraft:oak_stairs":6,"minecraft:stone_axe":1,"minecraft:oak_trapdoor":3,"minecraft:stone_sword":2,"minecraft:cobbled_deepslate":2,"minecraft:stone_shovel":1,"minecraft:rotten_flesh":9,"evilcraft:flesh_humanoid":1,"minecraft:gunpowder":1,"minecraft:stone_pickaxe":3,"minecraft:wooden_pickaxe":2},"minecraft:broken":{"minecraft:stone_pickaxe":2,"minecraft:stone_axe":3,"minecraft:iron_pickaxe":1},"minecraft:mined":{"minecraft:tuff":1,"minecraft:white_bed":2,"minecraft:ladder":2,"minecraft:granite":8,"minecraft:grass_block":16,"minecraft:oak_trapdoor":4,"minecraft:furnace":1,"minecraft:iron_ore":48,"minecraft:cobbled_deepslate":1,"minecraft:andesite":2,"minecraft:deepslate_iron_ore":6,"minecraft:stripped_oak_log":1,"minecraft:stone":270,"minecraft:crafting_table":3,"minecraft:torch":2,"minecraft:cobblestone":18,"minecraft:copper_ore":3,"minecraft:deepslate_gold_ore":2,"minecraft:oak_planks":30,"minecraft:diorite":48,"minecraft:wall_torch":4,"minecraft:birch_planks":3,"minecraft:grass":3,"minecraft:coal_ore":78,"minecraft:oak_log":22,"minecraft:dirt":33,"minecraft:gold_ore":3,"minecraft:oak_leaves":11,"minecraft:deepslate":8},"minecraft:custom":{"minecraft:mob_kills":33,"minecraft:interact_with_crafting_table":53,"minecraft:leave_game":2,"minecraft:time_since_death":118018,"minecraft:climb_one_cm":15914,"minecraft:sprint_one_cm":149704,"minecraft:walk_one_cm":437916,"minecraft:damage_blocked_by_shield":817,"minecraft:drop":23,"tombstone:eaten_lollipop":1,"minecraft:play_time":133560,"minecraft:deaths":1,"minecraft:sneak_time":13722,"minecraft:walk_under_water_one_cm":1645,"minecraft:jump":1386,"minecraft:interact_with_blast_furnace":2,"minecraft:walk_on_water_one_cm":7112,"minecraft:total_world_time":133560,"minecraft:interact_with_furnace":36,"minecraft:sleep_in_bed":4,"minecraft:time_since_rest":12010,"minecraft:damage_taken":2499,"minecraft:damage_dealt":6339,"minecraft:swim_one_cm":10448,"minecraft:fly_one_cm":138582,"minecraft:open_chest":28,"minecraft:crouch_one_cm":33270,"tombstone:undead_killed":26,"minecraft:fall_one_cm":23799,"minecraft:horse_one_cm":990},"minecraft:killed":{"minecraft:spider":1,"minecraft:skeleton":4,"minecraft:chicken":2,"minecraft:creeper":2,"minecraft:zombie":22},"minecraft:used":{"minecraft:oak_trapdoor":6,"minecraft:stone_sword":117,"minecraft:stone_shovel":14,"minecraft:ladder":11,"minecraft:chest":1,"minecraft:shield":26,"tombstone:lollipop":1,"minecraft:rotten_flesh":2,"minecraft:oak_door":9,"minecraft:torch":80,"minecraft:dirt":44,"scalinghealth:heart_crystal":1,"minecraft:iron_axe":2,"minecraft:oak_stairs":30,"minecraft:furnace":2,"tombstone:gift":1,"tconstruct:part_builder":1,"minecraft:cobbled_deepslate":8,"minecraft:cooked_mutton":2,"minecraft:water_bucket":1,"minecraft:birch_planks":7,"minecraft:stone_pickaxe":282,"minecraft:oak_planks":73,"minecraft:wooden_pickaxe":14,"minecraft:crafting_table":8,"minecraft:blast_furnace":1,"minecraft:white_bed":4,"minecraft:oak_log":10,"minecraft:apple":15,"minecraft:iron_pickaxe":251,"minecraft:stone_axe":123,"minecraft:cobblestone":48,"minecraft:bucket":2},"minecraft:crafted":{"minecraft:oak_door":6,"minecraft:oak_planks":204,"minecraft:smooth_stone":3,"minecraft:stone_shovel":1,"minecraft:furnace":2,"minecraft:blast_furnace":1,"minecraft:stone":3,"minecraft:cooked_mutton":2,"minecraft:oak_trapdoor":2,"minecraft:iron_axe":1,"minecraft:ladder":6,"minecraft:stone_pickaxe":4,"minecraft:chest":1,"minecraft:crafting_table":7,"minecraft:wooden_pickaxe":1,"minecraft:iron_sword":1,"minecraft:bucket":1,"minecraft:birch_planks":12,"minecraft:stone_axe":4,"minecraft:air":0,"minecraft:iron_chestplate":1,"minecraft:charcoal":1,"minecraft:shield":1,"minecraft:stick":16,"minecraft:iron_ingot":8,"minecraft:iron_pickaxe":2,"minecraft:oak_stairs":36,"minecraft:stone_sword":1,"minecraft:iron_leggings":1,"minecraft:torch":72},"minecraft:killed_by":{"minecraft:spider":1}},"DataVersion":3120}