{"stats":{"minecraft:picked_up":{"minecraft:stick":2,"minecraft:raw_iron":28,"minecraft:feather":2,"minecraft:chicken":4,"minecraft:leather":2,"minecraft:porkchop":7,"minecraft:oak_log":8,"minecraft:dirt":1,"man:cassette_1safetyinstructions":1,"minecraft:oak_sapling":4,"minecraft:coal":17,"minecraft:cobblestone":17,"minecraft:egg":4},"minecraft:custom":{"minecraft:time_since_rest":1770,"minecraft:sprint_one_cm":26973,"minecraft:damage_taken":221,"minecraft:walk_one_cm":18479,"minecraft:mob_kills":9,"minecraft:drop":5,"minecraft:damage_dealt":986,"minecraft:interact_with_crafting_table":3,"minecraft:fly_one_cm":52083,"minecraft:crouch_one_cm":174,"minecraft:play_time":14793,"minecraft:deaths":1,"minecraft:sneak_time":61,"minecraft:jump":254,"minecraft:leave_game":4,"minecraft:time_since_death":952,"minecraft:total_world_time":14793,"minecraft:fall_one_cm":7187},"minecraft:killed_by":{"irons_spellbooks:necromancer":1},"minecraft:killed":{"minecraft:pig":4,"minecraft:chicken":4,"minecraft:llama":1},"minecraft:crafted":{"minecraft:oak_planks":12,"minecraft:crafting_table":1,"minecraft:stick":8,"minecraft:wooden_pickaxe":1,"minecraft:stone_pickaxe":1,"minecraft:stone_axe":1},"minecraft:used":{"minecraft:stone_pickaxe":51,"minecraft:wooden_pickaxe":11,"minecraft:stone_axe":41,"minecraft:crafting_table":1,"minecraft:oak_sapling":1},"minecraft:dropped":{"gravestone:obituary":1,"minecraft:oak_planks":1,"man:cassette_1safetyinstructions":1,"minecraft:wooden_pickaxe":1,"minecraft:stick":2},"minecraft:mined":{"minecraft:iron_ore":28,"minecraft:grass_block":3,"minecraft:grass":2,"biomesoplenty:bush":7,"minecraft:oak_log":8,"minecraft:coal_ore":18,"biomesoplenty:high_grass_plant":1,"minecraft:stone":16,"minecraft:oak_leaves":15}},"DataVersion":3465}