{"stat.pickup.tconstruct.book":1,"stat.mineBlock.quark.biome_cobblestone":4,"stat.useItem.quark.root":2,"stat.walkOneCm":65677,"stat.pickup.minecraft.spruce_door":1,"stat.drop.minecraft.wooden_pickaxe":1,"stat.leaveGame":1,"stat.mineBlock.minecraft.cobblestone":1,"stat.craftItem.minecraft.crafting_table":1,"stat.drop.minecraft.spruce_door":1,"stat.mineBlock.quark.roots_black_flower":3,"stat.pickup.minecraft.log":54,"stat.jump":126,"stat.useItem.minecraft.planks":22,"stat.fallOneCm":1372,"stat.pickup.quark.root_flower":3,"stat.useItem.minecraft.stone_axe":5,"stat.mineBlock.quark.roots":13,"stat.crouchOneCm":1077,"stat.pickup.minecraft.sapling":19,"stat.mineBlock.minecraft.packed_ice":1,"stat.pickup.minecraft.dirt":9,"stat.useItem.minecraft.dirt":8,"stat.useItem.quark.root_flower":2,"stat.sprintOneCm":29313,"stat.useItem.minecraft.stone_slab2":7,"stat.craftItem.minecraft.stick":8,"stat.craftingTableInteraction":6,"stat.useItem.minecraft.sapling":1,"stat.craftItem.minecraft.planks":44,"stat.pickup.quark.biome_brick":2,"stat.craftItem.minecraft.stone_axe":1,"stat.damageTaken":58,"stat.pickup.quark.root":2,"stat.craftItem.minecraft.stone_pickaxe":1,"stat.useItem.minecraft.wooden_pickaxe":14,"stat.pickup.minecraft.cobblestone":65,"stat.mobKills":1,"stat.mineBlock.minecraft.log":56,"stat.pickup.chococraft.gysahl_green_seeds":8,"stat.pickup.quark.biome_cobblestone":4,"stat.craftItem.quark.biome_brick":4,"stat.craftItem.minecraft.stone_sword":1,"stat.flyOneCm":16622,"stat.useItem.minecraft.spruce_door":2,"stat.drop":3,"stat.mineBlock.minecraft.leaves":4,"stat.playOneMinute":23595,"stat.useItem.minecraft.stone_pickaxe":61,"stat.sneakTime":481,"stat.damageDealt":210,"stat.killEntity.Zombie":1,"stat.timeSinceDeath":23595,"stat.pickup.chococraft.gysahl_green":8,"stat.mineBlock.minecraft.dirt":9,"stat.useItem.quark.biome_brick":5,"stat.drop.tconstruct.book":1,"stat.craftItem.minecraft.wooden_pickaxe":1,"stat.mineBlock.minecraft.stone":65,"stat.mineBlock.quark.biome_brick":2,"stat.mineBlock.minecraft.tallgrass":1,"stat.craftItem.minecraft.spruce_door":3}