{"stats":{"minecraft:dropped":{"minecraft:apple":1,"evilcraft:flesh_humanoid":1,"minecraft:wooden_pickaxe":2,"minecraft:stone_pickaxe":1},"minecraft:killed":{"minecraft:creeper":1,"minecraft:zombie":2},"minecraft:broken":{"minecraft:stone_pickaxe":1,"minecraft:stone_axe":2},"minecraft:killed_by":{"minecraft:spider":1},"minecraft:mined":{"minecraft:white_bed":1,"minecraft:torch":2,"minecraft:ladder":2,"minecraft:grass_block":15,"minecraft:copper_ore":3,"minecraft:cobblestone":2,"minecraft:oak_planks":26,"minecraft:diorite":20,"minecraft:wall_torch":1,"minecraft:birch_planks":3,"minecraft:oak_trapdoor":2,"minecraft:iron_ore":12,"minecraft:andesite":1,"minecraft:grass":3,"minecraft:oak_log":22,"minecraft:coal_ore":29,"minecraft:dirt":33,"minecraft:stone":86,"minecraft:oak_leaves":10},"minecraft:crafted":{"minecraft:oak_door":6,"minecraft:oak_planks":200,"minecraft:stone_shovel":1,"minecraft:crafting_table":5,"minecraft:wooden_pickaxe":1,"minecraft:furnace":2,"minecraft:birch_planks":12,"minecraft:stone_axe":3,"minecraft:air":0,"minecraft:oak_trapdoor":2,"minecraft:charcoal":1,"minecraft:shield":1,"minecraft:ladder":6,"minecraft:stick":12,"minecraft:iron_ingot":8,"minecraft:iron_pickaxe":1,"minecraft:stone_pickaxe":2,"minecraft:oak_stairs":36,"minecraft:stone_sword":1,"minecraft:chest":1,"minecraft:torch":20},"minecraft:custom":{"minecraft:interact_with_furnace":11,"minecraft:mob_kills":3,"minecraft:interact_with_crafting_table":45,"minecraft:time_since_death":65899,"minecraft:sleep_in_bed":3,"minecraft:climb_one_cm":6415,"minecraft:time_since_rest":21922,"minecraft:sprint_one_cm":97483,"minecraft:damage_taken":1751,"minecraft:walk_one_cm":303544,"minecraft:drop":5,"minecraft:damage_dealt":1213,"minecraft:swim_one_cm":10022,"minecraft:fly_one_cm":96350,"minecraft:open_chest":6,"minecraft:crouch_one_cm":21855,"minecraft:play_time":81441,"tombstone:undead_killed":2,"minecraft:deaths":1,"minecraft:sneak_time":8883,"minecraft:walk_under_water_one_cm":532,"minecraft:jump":821,"minecraft:walk_on_water_one_cm":6631,"minecraft:total_world_time":81441,"minecraft:fall_one_cm":18094,"minecraft:horse_one_cm":990},"minecraft:used":{"minecraft:oak_trapdoor":4,"minecraft:birch_planks":7,"minecraft:stone_shovel":14,"minecraft:stone_pickaxe":115,"minecraft:oak_planks":66,"minecraft:ladder":8,"minecraft:chest":1,"minecraft:wooden_pickaxe":14,"minecraft:oak_door":7,"minecraft:torch":22,"minecraft:dirt":33,"minecraft:crafting_table":5,"minecraft:white_bed":2,"minecraft:oak_log":10,"minecraft:apple":11,"minecraft:oak_stairs":30,"minecraft:iron_pickaxe":72,"minecraft:stone_axe":96,"minecraft:cobblestone":15,"minecraft:furnace":2,"tconstruct:part_builder":1},"minecraft:picked_up":{"minecraft:birch_log":22,"minecraft:feather":2,"minecraft:ladder":8,"tconstruct:part_builder":1,"minecraft:lead":1,"minecraft:wooden_pickaxe":1,"minecraft:birch_planks":3,"minecraft:oak_log":253,"minecraft:gunpowder":1,"minecraft:dirt":56,"minecraft:oak_trapdoor":5,"minecraft:raw_copper":11,"minecraft:apple":12,"minecraft:wheat_seeds":2,"minecraft:light_gray_wool":1,"minecraft:birch_sapling":11,"minecraft:oak_planks":41,"minecraft:stick":78,"minecraft:raw_iron":12,"minecraft:oak_door":3,"minecraft:torch":5,"minecraft:diorite":20,"minecraft:white_bed":2,"tconstruct:tool_binding":1,"minecraft:oak_sapling":72,"minecraft:coal":30,"minecraft:white_wool":2,"minecraft:cobblestone":88}},"DataVersion":3120}