{"stat.pickup.tconstruct.book":1,"stat.walkOneCm":25492,"stat.useItem.minecraft.sapling":1,"stat.craftItem.minecraft.planks":40,"stat.leaveGame":1,"stat.craftItem.minecraft.crafting_table":1,"stat.drop.minecraft.spruce_door":1,"stat.mineBlock.minecraft.log":15,"stat.pickup.chococraft.gysahl_green_seeds":8,"stat.pickup.minecraft.log":15,"stat.flyOneCm":7980,"stat.useItem.minecraft.spruce_door":2,"stat.drop":2,"stat.jump":47,"stat.mineBlock.minecraft.leaves":3,"stat.playOneMinute":11895,"stat.useItem.minecraft.planks":22,"stat.fallOneCm":209,"stat.damageDealt":10,"stat.timeSinceDeath":11895,"stat.pickup.chococraft.gysahl_green":8,"stat.pickup.minecraft.sapling":2,"stat.pickup.minecraft.dirt":8,"stat.sprintOneCm":12578,"stat.mineBlock.minecraft.dirt":8,"stat.useItem.minecraft.stone_slab2":4,"stat.drop.tconstruct.book":1,"stat.mineBlock.minecraft.tallgrass":1,"stat.craftItem.minecraft.stick":4,"stat.craftingTableInteraction":3,"stat.craftItem.minecraft.spruce_door":3}