{"stat.useItem.minecraft.string":2,"stat.leaveGame":11,"stat.pickup.minecraft.deadbush":5,"stat.craftItem.minecraft.iron_axe":1,"stat.craftItem.tombstone.tablet_of_assistance":1,"stat.useItem.minecraft.mutton":2,"stat.pickup.srparasites.parasitecanister":2,"stat.useItem.minecraft.planks":708,"stat.craftItem.minecraft.shield":1,"stat.pickup.minecraft.glowstone_dust":93,"stat.pickup.minecraft.porkchop":206,"stat.craftItem.evilcraft.blood_infusion_core":2,"stat.useItem.minecraft.water_bucket":35,"stat.mineBlock.minecraft.stone_brick_stairs":1,"stat.pickup.minecraft.rotten_flesh":45,"stat.craftItem.evilcraft.bowl_of_promises":4,"stat.pickup.minecraft.sand":45,"stat.craftItem.minecraft.stone_axe":3,"stat.killEntity.Enderman":4,"stat.craftItem.minecraft.iron_shovel":2,"stat.mineBlock.minecraft.sand":47,"stat.killEntity.Witch":1,"stat.useItem.minecraft.iron_pickaxe":2064,"stat.craftItem.minecraft.wooden_pickaxe":1,"stat.useItem.minecraft.iron_shovel":74,"stat.drop.evilcraft.vengeance_pickaxe":1,"stat.useItem.evilcraft.undead_sapling":5,"stat.craftItem.minecraft.bed":1,"stat.craftItem.minecraft.glass_pane":32,"stat.furnaceInteraction":136,"stat.craftItem.tombstone.crafting_ingredient":1,"stat.killEntity.ZombieVillager":1,"stat.pickup.srparasites.lurecomponent2":2,"stat.pickup.srparasites.lurecomponent3":2,"stat.pickup.srparasites.lurecomponent1":42,"stat.craftItem.evilcraft.dark_stick":8,"stat.pickup.minecraft.beef":4,"stat.useItem.minecraft.cooked_mutton":9,"stat.pickup.minecraft.furnace":2,"stat.useItem.minecraft.trapdoor":16,"stat.pickup.tombstone.magic_scroll":2,"stat.useItem.minecraft.flint_and_steel":1,"stat.pickup.minecraft.emerald":7,"stat.deaths":8,"stat.pickup.minecraft.egg":20,"stat.playOneMinute":511299,"stat.craftItem.minecraft.iron_pickaxe":4,"stat.pickup.minecraft.glass_pane":1,"stat.mineBlock.minecraft.tallgrass":87,"stat.craftItem.minecraft.cooked_mutton":3,"stat.pickup.minecraft.netherrack":3,"stat.pickup.minecraft.cooked_mutton":6,"stat.chestOpened":268,"stat.pickup.minecraft.spruce_door":8,"stat.useItem.minecraft.stone":18,"stat.mineBlock.minecraft.netherrack":4,"stat.pickup.minecraft.arrow":22,"stat.mineBlock.evilcraft.blood_infuser":2,"stat.craftItem.minecraft.coal":18,"stat.craftItem.minecraft.iron_nugget":27,"stat.fallOneCm":187887,"stat.craftItem.evilcraft.dark_spike":16,"stat.craftItem.tombstone.dark_marble":2,"stat.crouchOneCm":39039,"stat.mineBlock.minecraft.chest":3,"stat.craftItem.minecraft.chest":13,"stat.craftItem.minecraft.iron_ingot":146,"stat.pickup.evilcraft.hardened_blood_shard":18,"stat.craftingTableInteraction":108,"stat.pickup.cgm.silencer":1,"stat.mineBlock.evilcraft.undead_log":10,"stat.pickup.minecraft.wooden_pickaxe":1,"stat.pickup.minecraft.feather":13,"stat.pickup.minecraft.record_cat":1,"stat.useItem.minecraft.furnace":1,"stat.useItem.minecraft.reeds":49,"stat.pickup.minecraft.dye":51,"stat.pickup.minecraft.planks":78,"stat.killEntity.Llama":13,"stat.pickup.evilcraft.promise_acceptor":1,"stat.pickup.minecraft.wheat_seeds":15,"stat.mineBlock.minecraft.gravel":15,"stat.useItem.minecraft.stone_pickaxe":74,"stat.craftItem.minecraft.iron_leggings":1,"stat.craftItem.evilcraft.blood_pearl_of_teleportation":1,"stat.craftItem.deconstruction.table":1,"stat.mineBlock.minecraft.dirt":112,"stat.craftItem.minecraft.leather":9,"stat.useItem.minecraft.torch":70,"stat.useItem.minecraft.bread":3,"stat.craftItem.minecraft.redstone_block":1,"stat.craftItem.evilcraft.vengeance_pickaxe":1,"stat.pickup.minecraft.crafting_table":8,"stat.useItem.minecraft.cobblestone":325,"stat.craftItem.minecraft.crafting_table":3,"stat.mineBlock.minecraft.double_plant":8,"stat.pickup.minecraft.log":265,"stat.pickup.usefulbackpacks.backpack":1,"stat.craftItem.usefulbackpacks.backpack":4,"stat.craftItem.minecraft.gold_ingot":38,"stat.pickup.minecraft.chicken":9,"stat.pickup.minecraft.sapling":48,"stat.useItem.minecraft.glass_pane":19,"stat.craftItem.minecraft.bucket":1,"stat.craftItem.minecraft.planks":872,"stat.useItem.minecraft.iron_sword":429,"stat.craftItem.minecraft.deadbush":6,"stat.pickup.minecraft.stone_sword":1,"stat.useItem.minecraft.stonebrick":180,"stat.mineBlock.minecraft.log":255,"stat.useItem.minecraft.spruce_door":9,"stat.pickup.minecraft.red_flower":8,"stat.sneakTime":18912,"stat.pickup.minecraft.wool":15,"stat.pickup.minecraft.stone_slab":20,"stat.pickup.minecraft.chest":3,"stat.craftItem.minecraft.spruce_door":6,"stat.pickup.minecraft.bone":23,"stat.useItem.minecraft.iron_axe":83,"stat.mineBlock.minecraft.cobblestone":75,"stat.pickup.minecraft.stone_pickaxe":1,"stat.pickup.minecraft.flint":1,"stat.craftItem.minecraft.stone_brick_stairs":8,"stat.mineBlock.srparasites.gore":92,"stat.mineBlock.minecraft.concrete":3,"stat.craftItem.minecraft.wool":2,"stat.useItem.minecraft.diamond_sword":232,"stat.craftItem.evilcraft.undead_plank":8,"stat.swimOneCm":89727,"stat.useItem.minecraft.concrete_powder":3,"stat.mineBlock.minecraft.spruce_stairs":2,"stat.pickup.minecraft.cooked_porkchop":3,"stat.useItem.minecraft.obsidian":10,"stat.useItem.minecraft.dirt":34,"stat.useItem.minecraft.stone_slab2":107,"stat.craftItem.minecraft.furnace":4,"stat.craftItem.minecraft.lapis_block":1,"stat.useItem.minecraft.egg":1,"stat.craftItem.minecraft.iron_boots":1,"stat.craftItem.minecraft.spruce_boat":1,"stat.craftItem.minecraft.trapdoor":14,"stat.craftItem.minecraft.stone_pickaxe":1,"stat.craftItem.minecraft.cooked_beef":1,"stat.pickup.minecraft.cobblestone":1600,"stat.flyOneCm":1492278,"stat.useItem.minecraft.cooked_beef":1,"stat.craftItem.minecraft.wooden_slab":12,"stat.pickup.minecraft.redstone":31,"stat.mineBlock.minecraft.iron_ore":127,"stat.timeSinceDeath":296340,"stat.useItem.minecraft.wooden_slab":10,"stat.pickup.minecraft.mutton":22,"stat.pickup.minecraft.mossy_cobblestone":3,"stat.craftItem.minecraft.iron_block":3,"stat.killEntity.Bat":2,"stat.craftItem.minecraft.stonebrick":208,"stat.pickup.cgm.basic_ammo":160,"stat.pickup.minecraft.stonebrick":35,"stat.craftItem.minecraft.concrete_powder":24,"stat.drop.minecraft.dirt":1,"stat.useItem.minecraft.cooked_porkchop":80,"stat.pickup.minecraft.iron_shovel":1,"stat.pickup.minecraft.trapdoor":14,"stat.drop.evilcraft.dark_gem":1,"stat.mineBlock.minecraft.coal_ore":150,"stat.killEntity.Creeper":16,"stat.pickup.minecraft.string":19,"stat.pickup.cgm.advanced_ammo":112,"stat.pickup.tombstone.crafting_ingredient":14,"stat.drop.usefulbackpacks.backpack":1,"stat.craftItem.minecraft.stone_slab2":0,"stat.killEntity.Squid":3,"stat.sprintOneCm":1127721,"stat.mineBlock.minecraft.stone_slab":21,"stat.craftItem.minecraft.stick":32,"stat.useItem.minecraft.stone_slab":37,"stat.craftItem.minecraft.stone":260,"stat.craftItem.evilcraft.blood_extractor":6,"stat.mineBlock.minecraft.crafting_table":6,"stat.mineBlock.minecraft.planks":84,"stat.drop":16,"stat.killEntity.Sheep":14,"stat.killEntity.Zombie":50,"stat.craftItem.minecraft.dye":9,"stat.mineBlock.minecraft.gold_ore":12,"stat.diveOneCm":55091,"stat.mineBlock.evilcraft.box_of_eternal_closure":1,"stat.pickup.evilcraft.box_of_eternal_closure":1,"stat.pickup.cgm.scope":1,"stat.drop.minecraft.wooden_pickaxe":1,"stat.pickup.minecraft.gravel":16,"stat.craftItem.minecraft.cooked_porkchop":151,"stat.pickup.minecraft.stone_axe":1,"stat.pickup.minecraft.obsidian":12,"stat.useItem.minecraft.porkchop":4,"stat.drop.minecraft.cooked_porkchop":6,"stat.pickup.minecraft.stone_brick_stairs":1,"stat.pickup.minecraft.diamond_sword":1,"stat.jump":7606,"stat.pickup.minecraft.coal":205,"stat.pickup.minecraft.iron_ingot":14,"stat.useItem.minecraft.stone_axe":143,"stat.pickup.minecraft.gunpowder":14,"stat.pickup.minecraft.spider_eye":4,"stat.craftItem.minecraft.torch":60,"stat.pickup.minecraft.dirt":140,"stat.craftItem.minecraft.iron_helmet":1,"stat.pickup.evilcraft.dark_gem_crushed":5,"stat.pickup.minecraft.iron_ore":127,"stat.boatOneCm":29541,"stat.useItem.minecraft.sapling":10,"stat.pickup.minecraft.gold_ore":12,"stat.craftItem.minecraft.flint_and_steel":1,"stat.damageTaken":7865,"stat.pickup.minecraft.leather":14,"stat.useItem.minecraft.stone_brick_stairs":6,"stat.mineBlock.minecraft.red_flower":4,"stat.mineBlock.minecraft.furnace":2,"stat.mineBlock.minecraft.torch":11,"stat.useItem.minecraft.wooden_pickaxe":25,"stat.pickup.evilcraft.dark_gem":41,"stat.mineBlock.minecraft.sapling":1,"stat.pickup.srparasites.assimilated_flesh":35,"stat.pickup.minecraft.reeds":52,"stat.craftItem.cgm.workbench":1,"stat.pickup.minecraft.bed":2,"tombstone:undead_killed":73,"stat.pickup.minecraft.concrete":3,"stat.damageDealt":36579,"stat.craftItem.minecraft.glass":33,"stat.sleepInBed":20,"stat.killEntity.Cow":2,"stat.killEntity.Pig":81,"stat.craftItem.minecraft.iron_sword":1,"stat.pickup.evilcraft.dark_power_gem":1,"stat.craftItem.minecraft.stone_slab":24,"stat.walkOneCm":1274127,"stat.useItem.minecraft.chest":11,"stat.pickup.evilcraft.undead_log":10,"stat.pickup.minecraft.stick":9,"stat.craftItem.evilcraft.blood_infuser":1,"stat.pickup.cgm.handgun":3,"stat.craftItem.evilcraft.blood_chest":1,"stat.useItem.minecraft.lava_bucket":16,"stat.pickup.cgm.rifle":1,"stat.useItem.minecraft.spruce_boat":1,"stat.useItem.tombstone.gift":2,"stat.drop.minecraft.iron_chestplate":1,"stat.pickup.minecraft.stone":184,"stat.useItem.minecraft.spruce_stairs":11,"stat.craftItem.minecraft.iron_chestplate":2,"stat.craftItem.evilcraft.promise":3,"stat.pickup.minecraft.ender_pearl":3,"stat.killEntity.Skeleton":22,"stat.pickup.evilcraft.blood_infuser":2,"stat.mineBlock.minecraft.stonebrick":35,"stat.drop.evilcraft.blood_pearl_of_teleportation":1,"stat.killEntity.Chicken":8,"stat.mineBlock.srparasites.infestremain":30,"stat.killEntity.Spider":11,"stat.drop.cgm.handgun":2,"stat.mineBlock.minecraft.glowstone":31,"stat.mobKills":348,"stat.craftItem.minecraft.shears":1,"stat.drop.cgm.basic_ammo":64,"stat.pickup.minecraft.diamond":4,"stat.mineBlock.minecraft.leaves":24,"stat.pickup.minecraft.torch":24,"stat.mineBlock.srparasites.parasitecanister":1,"stat.pickup.minecraft.spruce_stairs":4,"stat.mineBlock.minecraft.redstone_ore":2,"stat.pickup.evilcraft.werewolf_flesh":2,"stat.craftItem.minecraft.spruce_stairs":12,"stat.mineBlock.minecraft.stone":1713}