{"stats":{"minecraft:picked_up":{"man:cassette_1safetyinstructions":1,"minecraft:oak_log":3,"minecraft:cobblestone":6},"minecraft:custom":{"minecraft:time_since_rest":4571,"minecraft:crouch_one_cm":174,"minecraft:play_time":4571,"minecraft:sprint_one_cm":3817,"minecraft:walk_one_cm":4639,"minecraft:sneak_time":61,"minecraft:drop":1,"minecraft:jump":40,"minecraft:leave_game":1,"minecraft:time_since_death":4571,"minecraft:total_world_time":4571,"minecraft:interact_with_crafting_table":1,"minecraft:fall_one_cm":418,"minecraft:fly_one_cm":5381},"minecraft:crafted":{"minecraft:oak_planks":12,"minecraft:crafting_table":1,"minecraft:stick":4,"minecraft:wooden_pickaxe":1},"minecraft:used":{"minecraft:crafting_table":1,"minecraft:wooden_pickaxe":6},"minecraft:dropped":{"man:cassette_1safetyinstructions":1},"minecraft:mined":{"minecraft:oak_log":3,"minecraft:stone":6,"minecraft:oak_leaves":6}},"DataVersion":3465}