{"stat.leaveGame":8,"stat.useItem.minecraft.planks":262,"stat.craftItem.minecraft.shield":1,"stat.pickup.minecraft.porkchop":155,"stat.craftItem.evilcraft.blood_infusion_core":2,"stat.useItem.minecraft.water_bucket":8,"stat.pickup.minecraft.rotten_flesh":7,"stat.craftItem.evilcraft.bowl_of_promises":1,"stat.pickup.minecraft.sand":16,"stat.craftItem.minecraft.stone_axe":2,"stat.killEntity.Enderman":3,"stat.craftItem.minecraft.iron_shovel":2,"stat.mineBlock.minecraft.sand":16,"stat.useItem.minecraft.iron_pickaxe":843,"stat.craftItem.minecraft.wooden_pickaxe":1,"stat.useItem.minecraft.iron_shovel":9,"stat.furnaceInteraction":89,"stat.pickup.srparasites.lurecomponent1":30,"stat.pickup.minecraft.beef":4,"stat.useItem.minecraft.cooked_mutton":6,"stat.pickup.minecraft.furnace":2,"stat.deaths":1,"stat.pickup.minecraft.egg":12,"stat.playOneMinute":172051,"stat.craftItem.minecraft.iron_pickaxe":2,"stat.mineBlock.minecraft.tallgrass":26,"stat.craftItem.minecraft.cooked_mutton":3,"stat.pickup.minecraft.cooked_mutton":3,"stat.chestOpened":53,"stat.pickup.minecraft.spruce_door":8,"stat.useItem.minecraft.stone":10,"stat.pickup.minecraft.arrow":4,"stat.mineBlock.evilcraft.blood_infuser":2,"stat.craftItem.minecraft.coal":18,"stat.fallOneCm":71837,"stat.craftItem.evilcraft.dark_spike":16,"stat.crouchOneCm":14331,"stat.craftItem.minecraft.chest":2,"stat.craftItem.minecraft.iron_ingot":57,"stat.pickup.evilcraft.hardened_blood_shard":18,"stat.craftingTableInteraction":62,"stat.pickup.minecraft.wooden_pickaxe":1,"stat.pickup.minecraft.feather":8,"stat.pickup.minecraft.record_cat":1,"stat.useItem.minecraft.furnace":1,"stat.useItem.minecraft.reeds":20,"stat.pickup.minecraft.dye":3,"stat.pickup.minecraft.planks":33,"stat.killEntity.Llama":8,"stat.pickup.minecraft.wheat_seeds":11,"stat.mineBlock.minecraft.gravel":14,"stat.useItem.minecraft.stone_pickaxe":74,"stat.craftItem.minecraft.iron_leggings":1,"stat.mineBlock.minecraft.dirt":53,"stat.craftItem.minecraft.leather":9,"stat.useItem.minecraft.torch":30,"stat.useItem.minecraft.bread":1,"stat.pickup.minecraft.crafting_table":3,"stat.useItem.minecraft.cobblestone":99,"stat.craftItem.minecraft.crafting_table":2,"stat.mineBlock.minecraft.double_plant":7,"stat.pickup.minecraft.log":153,"stat.pickup.usefulbackpacks.backpack":1,"stat.craftItem.usefulbackpacks.backpack":4,"stat.pickup.minecraft.chicken":6,"stat.pickup.minecraft.sapling":25,"stat.craftItem.minecraft.bucket":1,"stat.craftItem.minecraft.planks":388,"stat.useItem.minecraft.iron_sword":252,"stat.pickup.minecraft.stone_sword":1,"stat.useItem.minecraft.stonebrick":70,"stat.mineBlock.minecraft.log":154,"stat.useItem.minecraft.spruce_door":9,"stat.pickup.minecraft.red_flower":8,"stat.sneakTime":5307,"stat.pickup.minecraft.wool":9,"stat.craftItem.minecraft.spruce_door":6,"stat.pickup.minecraft.bone":5,"stat.mineBlock.minecraft.cobblestone":11,"stat.pickup.minecraft.stone_pickaxe":1,"stat.pickup.minecraft.flint":1,"stat.mineBlock.minecraft.concrete":3,"stat.craftItem.minecraft.wool":2,"stat.swimOneCm":25681,"stat.useItem.minecraft.concrete_powder":3,"stat.useItem.minecraft.dirt":23,"stat.useItem.minecraft.stone_slab2":39,"stat.craftItem.minecraft.furnace":4,"stat.craftItem.minecraft.stone_pickaxe":1,"stat.craftItem.minecraft.cooked_beef":1,"stat.pickup.minecraft.cobblestone":686,"stat.flyOneCm":557675,"stat.useItem.minecraft.cooked_beef":1,"stat.mineBlock.minecraft.iron_ore":35,"stat.timeSinceDeath":12649,"stat.pickup.minecraft.mutton":14,"stat.pickup.minecraft.mossy_cobblestone":3,"stat.craftItem.minecraft.stonebrick":84,"stat.pickup.cgm.basic_ammo":96,"stat.pickup.minecraft.stonebrick":16,"stat.craftItem.minecraft.concrete_powder":24,"stat.drop.minecraft.dirt":1,"stat.useItem.minecraft.cooked_porkchop":12,"stat.drop.evilcraft.dark_gem":1,"stat.mineBlock.minecraft.coal_ore":147,"stat.killEntity.Creeper":3,"stat.pickup.minecraft.string":6,"stat.pickup.tombstone.crafting_ingredient":5,"stat.drop.usefulbackpacks.backpack":1,"stat.craftItem.minecraft.stone_slab2":0,"stat.killEntity.Squid":2,"stat.sprintOneCm":311565,"stat.craftItem.minecraft.stick":24,"stat.craftItem.minecraft.stone":84,"stat.craftItem.evilcraft.blood_extractor":6,"stat.mineBlock.minecraft.crafting_table":3,"stat.mineBlock.minecraft.planks":34,"stat.drop":8,"stat.killEntity.Sheep":8,"stat.killEntity.Zombie":8,"stat.craftItem.minecraft.dye":3,"stat.diveOneCm":27211,"stat.drop.minecraft.wooden_pickaxe":1,"stat.pickup.minecraft.gravel":13,"stat.craftItem.minecraft.cooked_porkchop":66,"stat.pickup.minecraft.stone_axe":1,"stat.drop.minecraft.cooked_porkchop":2,"stat.jump":2950,"stat.pickup.minecraft.coal":158,"stat.useItem.minecraft.stone_axe":94,"stat.pickup.minecraft.gunpowder":3,"stat.pickup.minecraft.spider_eye":1,"stat.craftItem.minecraft.torch":28,"stat.pickup.minecraft.dirt":70,"stat.pickup.minecraft.iron_ore":38,"stat.useItem.minecraft.sapling":10,"stat.craftItem.minecraft.flint_and_steel":1,"stat.damageTaken":1047,"stat.pickup.minecraft.leather":7,"stat.mineBlock.minecraft.red_flower":4,"stat.mineBlock.minecraft.furnace":2,"stat.mineBlock.minecraft.torch":2,"stat.useItem.minecraft.wooden_pickaxe":25,"stat.pickup.evilcraft.dark_gem":7,"stat.mineBlock.minecraft.sapling":1,"stat.pickup.srparasites.assimilated_flesh":7,"stat.pickup.minecraft.reeds":22,"stat.craftItem.cgm.workbench":1,"stat.pickup.minecraft.bed":1,"tombstone:undead_killed":14,"stat.pickup.minecraft.concrete":3,"stat.damageDealt":14226,"stat.craftItem.minecraft.glass":4,"stat.sleepInBed":15,"stat.killEntity.Cow":2,"stat.killEntity.Pig":61,"stat.craftItem.minecraft.iron_sword":1,"stat.pickup.evilcraft.dark_power_gem":1,"stat.walkOneCm":419525,"stat.useItem.minecraft.chest":1,"stat.pickup.minecraft.stick":5,"stat.craftItem.evilcraft.blood_infuser":1,"stat.pickup.cgm.handgun":2,"stat.craftItem.evilcraft.blood_chest":1,"stat.drop.minecraft.iron_chestplate":1,"stat.pickup.minecraft.stone":61,"stat.craftItem.minecraft.iron_chestplate":2,"stat.pickup.minecraft.ender_pearl":2,"stat.killEntity.Skeleton":6,"stat.pickup.evilcraft.blood_infuser":2,"stat.mineBlock.minecraft.stonebrick":16,"stat.killEntity.Chicken":6,"stat.killEntity.Spider":1,"stat.drop.cgm.handgun":1,"stat.mobKills":116,"stat.mineBlock.minecraft.leaves":22,"stat.pickup.minecraft.torch":9,"stat.pickup.evilcraft.werewolf_flesh":2,"stat.mineBlock.minecraft.stone":719}