{"stat.craftItem.minecraft.furnace":1,"stat.walkOneCm":39980,"stat.craftItem.minecraft.planks":36,"stat.craftItem.minecraft.stone_axe":1,"stat.pickup.minecraft.wooden_pickaxe":1,"stat.damageTaken":70,"stat.useItem.minecraft.iron_ore":1,"stat.useItem.minecraft.cobblestone":13,"stat.craftItem.minecraft.crafting_table":1,"stat.furnaceInteraction":7,"stat.craftItem.minecraft.stone_pickaxe":1,"stat.useItem.minecraft.wooden_pickaxe":3,"stat.pickup.minecraft.cobblestone":38,"stat.mineBlock.minecraft.coal_ore":6,"stat.mineBlock.minecraft.log":9,"stat.pickup.quark.biome_cobblestone":4,"stat.pickup.minecraft.log":9,"stat.craftItem.minecraft.stone_sword":1,"stat.flyOneCm":40400,"stat.jump":239,"stat.mineBlock.minecraft.leaves":6,"stat.swimOneCm":918,"stat.playOneMinute":18454,"stat.pickup.minecraft.coal":6,"stat.fallOneCm":6467,"stat.useItem.minecraft.stone_pickaxe":51,"stat.sneakTime":1111,"stat.craftItem.minecraft.iron_pickaxe":1,"stat.pickup.minecraft.gunpowder":2,"stat.damageDealt":33,"stat.mineBlock.minecraft.iron_ore":5,"stat.crouchOneCm":1959,"stat.timeSinceDeath":18454,"stat.craftItem.minecraft.iron_ingot":4,"stat.mineBlock.minecraft.packed_ice":1,"stat.sprintOneCm":16511,"stat.useItem.minecraft.stone_slab2":2,"stat.mineBlock.minecraft.stone":40,"stat.diveOneCm":280,"stat.craftItem.minecraft.stick":16,"stat.craftingTableInteraction":3,"stat.pickup.minecraft.iron_ore":5}