{"stats":{"minecraft:picked_up":{"minecraft:raw_iron":8,"minecraft:stick":2,"minecraft:crafting_table":1,"minecraft:oak_log":8,"man:cassette_1safetyinstructions":2,"minecraft:stone_axe":1,"minecraft:stone_pickaxe":7,"minecraft:iron_pickaxe":2,"minecraft:oak_sapling":4,"minecraft:oak_planks":5,"minecraft:coal":30,"minecraft:cobblestone":40},"minecraft:custom":{"minecraft:time_since_rest":12941,"minecraft:interact_with_furnace":12,"minecraft:sprint_one_cm":21647,"minecraft:damage_taken":997,"minecraft:walk_one_cm":52567,"minecraft:damage_blocked_by_shield":125,"minecraft:mob_kills":1,"minecraft:drop":11,"minecraft:damage_dealt":237,"minecraft:interact_with_crafting_table":9,"minecraft:fly_one_cm":25433,"minecraft:play_time":38319,"minecraft:deaths":4,"minecraft:sneak_time":18,"minecraft:jump":215,"minecraft:leave_game":2,"minecraft:time_since_death":12842,"minecraft:total_world_time":38319,"minecraft:fall_one_cm":1788},"minecraft:crafted":{"minecraft:iron_ingot":0},"minecraft:killed":{"irons_spellbooks:summoned_zombie":1},"minecraft:killed_by":{"iceandfire:ghost":1,"irons_spellbooks:necromancer":1,"minecraft:zombie":2},"minecraft:used":{"minecraft:stone_pickaxe":64,"minecraft:wooden_pickaxe":11,"minecraft:shield":9,"minecraft:stone_axe":20,"minecraft:torch":1,"minecraft:cobblestone":1},"minecraft:dropped":{"minecraft:oak_sapling":1,"gravestone:obituary":1,"man:cassette_1safetyinstructions":2,"minecraft:stone_pickaxe":5,"minecraft:wooden_pickaxe":1,"minecraft:iron_pickaxe":1},"minecraft:mined":{"minecraft:iron_ore":8,"minecraft:crafting_table":1,"gravestone:gravestone":1,"minecraft:grass":2,"biomesoplenty:bush":1,"minecraft:coal_ore":29,"minecraft:oak_log":7,"minecraft:stone":38,"minecraft:oak_leaves":18}},"DataVersion":3465}