{"stat.mineBlock.evilcraft.blood_chest":1,"stat.leaveGame":7,"stat.craftItem.minecraft.iron_axe":1,"stat.useItem.minecraft.mutton":3,"stat.craftItem.minecraft.shield":4,"stat.useItem.minecraft.planks":105,"stat.pickup.minecraft.porkchop":30,"stat.pickup.minecraft.rotten_flesh":3,"stat.pickup.evilcraft.blood_chest":1,"stat.craftItem.minecraft.stone_axe":1,"stat.killEntity.Enderman":2,"stat.craftItem.minecraft.stone_sword":1,"stat.killEntity.Witch":1,"stat.useItem.minecraft.iron_pickaxe":259,"stat.craftItem.minecraft.wooden_pickaxe":1,"stat.drop.minecraft.cooked_mutton":3,"stat.craftItem.minecraft.bed":4,"stat.furnaceInteraction":84,"stat.pickup.srparasites.lurecomponent2":1,"stat.pickup.srparasites.lurecomponent1":39,"stat.pickup.evilcraft.bowl_of_promises":1,"stat.pickup.minecraft.beef":10,"stat.useItem.minecraft.cooked_mutton":16,"stat.pickup.minecraft.furnace":5,"stat.mineBlock.cgm.workbench":2,"stat.pickup.minecraft.iron_chestplate":1,"stat.pickup.cgm.workbench":2,"stat.deaths":8,"stat.pickup.minecraft.egg":19,"stat.playOneMinute":176379,"stat.drop.minecraft.string":5,"stat.craftItem.minecraft.iron_pickaxe":2,"stat.mineBlock.minecraft.tallgrass":12,"stat.craftItem.minecraft.cooked_mutton":19,"stat.chestOpened":65,"stat.pickup.minecraft.spruce_door":4,"stat.pickup.minecraft.arrow":24,"stat.mineBlock.evilcraft.blood_infuser":1,"stat.craftItem.minecraft.iron_nugget":63,"stat.fallOneCm":62072,"stat.drop.minecraft.stone":3,"stat.crouchOneCm":15371,"stat.mineBlock.minecraft.chest":2,"stat.craftItem.minecraft.iron_ingot":68,"stat.craftingTableInteraction":37,"stat.pickup.minecraft.feather":8,"stat.useItem.minecraft.furnace":2,"stat.pickup.minecraft.dye":1,"stat.pickup.minecraft.planks":206,"stat.pickup.minecraft.wheat_seeds":19,"stat.mineBlock.minecraft.gravel":2,"stat.useItem.minecraft.stone_pickaxe":57,"stat.useItem.minecraft.stone_sword":15,"stat.craftItem.minecraft.iron_leggings":1,"stat.mineBlock.minecraft.dirt":13,"stat.useItem.minecraft.torch":137,"stat.pickup.minecraft.crafting_table":7,"stat.useItem.minecraft.cobblestone":92,"stat.craftItem.minecraft.crafting_table":2,"stat.mineBlock.minecraft.double_plant":1,"stat.pickup.minecraft.log":83,"stat.drop.minecraft.iron_ore":3,"stat.pickup.usefulbackpacks.backpack":2,"stat.pickup.minecraft.sapling":51,"stat.pickup.minecraft.apple":2,"stat.craftItem.minecraft.planks":332,"stat.useItem.minecraft.iron_sword":216,"stat.useItem.minecraft.stonebrick":1,"stat.mineBlock.minecraft.log":83,"stat.useItem.minecraft.spruce_door":1,"stat.pickup.minecraft.red_flower":13,"stat.sneakTime":6625,"stat.pickup.minecraft.wool":32,"stat.pickup.minecraft.yellow_flower":1,"stat.pickup.minecraft.chest":2,"stat.craftItem.minecraft.spruce_door":3,"stat.pickup.minecraft.bone":33,"stat.useItem.minecraft.iron_axe":69,"stat.mineBlock.minecraft.cobblestone":24,"stat.pickup.evilcraft.blood_extractor":1,"stat.pickup.minecraft.stone_pickaxe":1,"stat.mineBlock.minecraft.yellow_flower":1,"stat.mineBlock.srparasites.gore":42,"stat.swimOneCm":25384,"stat.pickup.minecraft.cooked_porkchop":54,"stat.mineBlock.evilcraft.dark_ore":10,"stat.useItem.minecraft.dirt":5,"stat.useItem.minecraft.stone_slab2":35,"stat.craftItem.minecraft.furnace":2,"stat.useItem.minecraft.egg":2,"stat.craftItem.minecraft.iron_boots":1,"stat.craftItem.minecraft.stone_pickaxe":1,"stat.craftItem.minecraft.cooked_beef":3,"stat.pickup.minecraft.cobblestone":354,"stat.flyOneCm":429664,"stat.useItem.minecraft.cooked_beef":3,"stat.mineBlock.minecraft.iron_ore":102,"stat.timeSinceDeath":50983,"stat.pickup.minecraft.mutton":58,"stat.pickup.minecraft.mossy_cobblestone":3,"stat.pickup.cgm.basic_ammo":224,"stat.pickup.minecraft.stonebrick":2,"stat.useItem.minecraft.cooked_porkchop":24,"stat.mineBlock.minecraft.coal_ore":84,"tombstone:tomb_raiding":1,"stat.killEntity.Creeper":4,"stat.pickup.minecraft.shield":1,"stat.pickup.minecraft.string":5,"stat.pickup.tombstone.crafting_ingredient":7,"stat.drop.usefulbackpacks.backpack":1,"stat.killEntity.Squid":1,"stat.sprintOneCm":302477,"stat.craftItem.minecraft.stick":56,"stat.pickup.minecraft.grass":4,"stat.mineBlock.minecraft.crafting_table":7,"stat.mineBlock.minecraft.planks":5,"stat.drop":20,"stat.killEntity.Sheep":27,"stat.killEntity.Zombie":6,"stat.craftItem.minecraft.dye":1,"stat.diveOneCm":35243,"stat.pickup.minecraft.wheat":3,"stat.pickup.minecraft.gravel":11,"stat.drop.minecraft.cooked_beef":1,"stat.jump":2814,"stat.pickup.minecraft.coal":183,"stat.pickup.minecraft.iron_ingot":4,"stat.useItem.minecraft.stone_axe":45,"stat.pickup.minecraft.gunpowder":9,"stat.pickup.minecraft.spider_eye":1,"stat.craftItem.minecraft.torch":140,"stat.pickup.minecraft.dirt":53,"stat.pickup.evilcraft.dark_gem_crushed":1,"stat.craftItem.minecraft.iron_helmet":1,"stat.pickup.minecraft.iron_ore":102,"stat.pickup.evilcraft.dark_spike":4,"tombstone:sneak_grave":1,"stat.damageTaken":5002,"stat.pickup.minecraft.leather":11,"stat.mineBlock.minecraft.torch":3,"stat.mineBlock.minecraft.furnace":4,"stat.mineBlock.minecraft.red_flower":8,"stat.useItem.minecraft.wooden_pickaxe":17,"stat.pickup.evilcraft.dark_gem":22,"stat.mineBlock.minecraft.sapling":1,"stat.pickup.srparasites.assimilated_flesh":17,"stat.pickup.minecraft.bed":8,"tombstone:undead_killed":15,"stat.damageDealt":13927,"stat.sleepInBed":13,"stat.killEntity.Cow":2,"stat.useItem.minecraft.crafting_table":1,"stat.killEntity.Pig":17,"stat.craftItem.minecraft.iron_sword":1,"stat.walkOneCm":560746,"stat.playerKills":1,"stat.useItem.minecraft.chest":1,"stat.pickup.minecraft.stick":1,"stat.pickup.cgm.handgun":3,"stat.useItem.tombstone.gift":1,"stat.pickup.minecraft.stone":28,"stat.pickup.minecraft.ender_pearl":1,"stat.drop.minecraft.egg":2,"stat.pickup.minecraft.cooked_beef":1,"stat.killEntity.Skeleton":9,"stat.pickup.evilcraft.blood_infuser":1,"stat.mineBlock.minecraft.stonebrick":2,"stat.killEntity.Spider":4,"stat.drop.cgm.handgun":2,"stat.pickup.minecraft.concrete_powder":21,"stat.mobKills":131,"stat.mineBlock.minecraft.leaves":10,"stat.pickup.minecraft.torch":6,"stat.craftItem.minecraft.coal_block":1,"stat.pickup.evilcraft.werewolf_flesh":1,"stat.mineBlock.minecraft.stone":103}