{"stat.mineBlock.evilcraft.blood_chest":1,"stat.leaveGame":11,"stat.craftItem.minecraft.iron_axe":1,"stat.useItem.minecraft.mutton":3,"stat.craftItem.minecraft.shield":4,"stat.useItem.minecraft.planks":105,"stat.pickup.minecraft.porkchop":30,"stat.useItem.minecraft.water_bucket":3,"stat.pickup.minecraft.rotten_flesh":7,"stat.pickup.evilcraft.blood_chest":1,"stat.craftItem.minecraft.stone_axe":1,"stat.killEntity.Enderman":2,"stat.craftItem.minecraft.stone_sword":1,"stat.killEntity.Witch":1,"stat.useItem.minecraft.iron_pickaxe":404,"stat.craftItem.minecraft.wooden_pickaxe":1,"stat.drop.minecraft.cooked_mutton":6,"stat.craftItem.minecraft.bed":4,"stat.furnaceInteraction":103,"stat.pickup.srparasites.lurecomponent2":1,"stat.pickup.srparasites.lurecomponent1":44,"stat.pickup.evilcraft.bowl_of_promises":1,"stat.pickup.minecraft.beef":10,"stat.useItem.minecraft.cooked_mutton":22,"stat.pickup.minecraft.furnace":5,"stat.mineBlock.cgm.workbench":2,"stat.pickup.minecraft.iron_chestplate":1,"stat.pickup.cgm.workbench":2,"stat.pickup.minecraft.emerald":1,"stat.deaths":8,"stat.pickup.minecraft.egg":21,"stat.playOneMinute":240722,"stat.drop.minecraft.string":5,"stat.pickup.cgm.shell":72,"stat.craftItem.minecraft.iron_pickaxe":2,"stat.pickup.minecraft.glass_pane":8,"stat.mineBlock.minecraft.tallgrass":14,"stat.craftItem.minecraft.cooked_mutton":19,"stat.chestOpened":103,"stat.pickup.minecraft.spruce_door":4,"stat.pickup.minecraft.arrow":24,"stat.mineBlock.evilcraft.blood_infuser":1,"stat.craftItem.minecraft.iron_nugget":135,"stat.fallOneCm":85731,"stat.drop.minecraft.stone":3,"stat.crouchOneCm":20332,"stat.mineBlock.minecraft.chest":2,"stat.craftItem.minecraft.iron_ingot":153,"stat.pickup.cgm.assault_rifle":1,"stat.craftingTableInteraction":45,"stat.pickup.cgm.silencer":1,"stat.pickup.minecraft.feather":8,"stat.useItem.minecraft.furnace":2,"stat.pickup.minecraft.dye":7,"stat.pickup.minecraft.planks":206,"stat.pickup.minecraft.wheat_seeds":19,"stat.pickup.evilcraft.blood_pearl_of_teleportation":1,"stat.mineBlock.minecraft.gravel":2,"stat.useItem.minecraft.stone_pickaxe":63,"stat.useItem.minecraft.stone_sword":15,"stat.craftItem.minecraft.iron_leggings":1,"stat.mineBlock.minecraft.dirt":14,"stat.useItem.minecraft.torch":185,"stat.pickup.minecraft.crafting_table":7,"stat.useItem.minecraft.cobblestone":162,"stat.craftItem.minecraft.crafting_table":2,"stat.mineBlock.minecraft.double_plant":1,"stat.mineBlock.minecraft.emerald_ore":1,"stat.pickup.minecraft.log":83,"stat.drop.minecraft.glass_pane":1,"stat.drop.minecraft.iron_ore":3,"stat.pickup.usefulbackpacks.backpack":2,"stat.pickup.minecraft.sapling":51,"stat.pickup.minecraft.apple":2,"stat.craftItem.minecraft.planks":332,"stat.useItem.minecraft.iron_sword":218,"stat.useItem.minecraft.stonebrick":1,"stat.mineBlock.minecraft.log":83,"stat.useItem.minecraft.spruce_door":1,"stat.pickup.minecraft.red_flower":13,"stat.sneakTime":8914,"stat.pickup.minecraft.wool":32,"stat.pickup.minecraft.yellow_flower":1,"stat.pickup.minecraft.chest":2,"stat.craftItem.minecraft.spruce_door":3,"stat.pickup.minecraft.bone":33,"stat.useItem.minecraft.iron_axe":81,"stat.mineBlock.minecraft.cobblestone":41,"stat.pickup.evilcraft.blood_extractor":1,"stat.pickup.minecraft.stone_pickaxe":1,"stat.mineBlock.minecraft.yellow_flower":1,"stat.mineBlock.srparasites.gore":54,"stat.useItem.minecraft.diamond_sword":19,"stat.swimOneCm":40368,"stat.pickup.minecraft.cooked_porkchop":54,"stat.mineBlock.evilcraft.dark_ore":12,"stat.useItem.minecraft.dirt":5,"stat.useItem.minecraft.stone_slab2":40,"stat.craftItem.minecraft.furnace":2,"stat.useItem.minecraft.egg":2,"stat.craftItem.minecraft.iron_boots":1,"stat.craftItem.minecraft.stone_pickaxe":1,"stat.craftItem.minecraft.cooked_beef":3,"stat.pickup.minecraft.cobblestone":466,"stat.flyOneCm":599621,"stat.useItem.minecraft.cooked_beef":3,"stat.mineBlock.minecraft.iron_ore":124,"stat.timeSinceDeath":115326,"stat.pickup.minecraft.mutton":58,"stat.pickup.minecraft.mossy_cobblestone":3,"stat.pickup.cgm.basic_ammo":352,"stat.pickup.minecraft.stonebrick":2,"stat.useItem.minecraft.cooked_porkchop":31,"stat.mineBlock.minecraft.coal_ore":84,"tombstone:tomb_raiding":1,"stat.killEntity.Creeper":9,"stat.pickup.minecraft.shield":1,"stat.pickup.minecraft.string":7,"stat.pickup.tombstone.crafting_ingredient":9,"stat.drop.usefulbackpacks.backpack":1,"stat.killEntity.Squid":3,"stat.sprintOneCm":441749,"stat.craftItem.minecraft.stick":72,"stat.craftItem.minecraft.gold_nugget":27,"stat.pickup.minecraft.grass":4,"stat.mineBlock.minecraft.crafting_table":7,"stat.mineBlock.minecraft.planks":5,"stat.drop":26,"stat.killEntity.Sheep":27,"stat.killEntity.Zombie":13,"stat.craftItem.minecraft.dye":2,"stat.diveOneCm":51821,"stat.pickup.minecraft.wheat":3,"stat.pickup.cgm.scope":1,"stat.pickup.minecraft.gravel":11,"stat.drop.minecraft.cooked_beef":1,"stat.craftItem.minecraft.cooked_porkchop":9,"stat.useItem.minecraft.rotten_flesh":1,"stat.jump":3778,"stat.pickup.minecraft.coal":183,"stat.pickup.minecraft.iron_ingot":4,"stat.useItem.minecraft.stone_axe":45,"stat.pickup.minecraft.gunpowder":12,"stat.pickup.minecraft.spider_eye":1,"stat.craftItem.minecraft.torch":204,"stat.pickup.minecraft.dirt":54,"stat.pickup.evilcraft.dark_gem_crushed":1,"stat.craftItem.minecraft.iron_helmet":1,"stat.pickup.minecraft.iron_ore":124,"stat.pickup.evilcraft.dark_spike":4,"tombstone:sneak_grave":1,"stat.damageTaken":5820,"stat.pickup.minecraft.leather":11,"stat.mineBlock.minecraft.torch":7,"stat.mineBlock.minecraft.furnace":4,"stat.mineBlock.minecraft.red_flower":8,"stat.useItem.minecraft.wooden_pickaxe":17,"stat.pickup.evilcraft.dark_gem":26,"stat.drop.minecraft.water_bucket":2,"stat.mineBlock.minecraft.sapling":1,"stat.pickup.srparasites.assimilated_flesh":20,"stat.pickup.minecraft.bed":8,"tombstone:undead_killed":23,"stat.damageDealt":15466,"stat.sleepInBed":14,"stat.killEntity.Cow":2,"stat.useItem.minecraft.crafting_table":1,"stat.killEntity.Pig":17,"stat.craftItem.minecraft.iron_sword":1,"stat.walkOneCm":760409,"stat.playerKills":1,"stat.useItem.minecraft.chest":1,"stat.pickup.minecraft.stick":1,"stat.pickup.cgm.handgun":3,"stat.useItem.tombstone.gift":1,"stat.pickup.minecraft.stone":28,"stat.pickup.minecraft.ender_pearl":1,"stat.drop.minecraft.egg":2,"stat.pickup.minecraft.cooked_beef":1,"stat.killEntity.Skeleton":10,"stat.pickup.evilcraft.blood_infuser":1,"stat.pickup.cgm.shotgun":1,"stat.mineBlock.minecraft.stonebrick":2,"stat.killEntity.Spider":4,"stat.drop.cgm.handgun":2,"stat.pickup.minecraft.concrete_powder":21,"stat.mobKills":163,"stat.pickup.minecraft.water_bucket":2,"stat.mineBlock.minecraft.leaves":10,"stat.pickup.minecraft.torch":10,"stat.craftItem.minecraft.coal_block":2,"stat.pickup.evilcraft.werewolf_flesh":1,"stat.mineBlock.minecraft.stone":206}