{"stats":{"minecraft:picked_up":{"minecraft:raw_iron":12,"minecraft:stick":2,"minecraft:crafting_table":1,"minecraft:oak_log":8,"gravestone:obituary":1,"minecraft:iron_axe":1,"man:cassette_1safetyinstructions":2,"minecraft:bow":1,"minecraft:stone_axe":1,"irons_spellbooks:arcane_essence":2,"minecraft:stone_pickaxe":7,"minecraft:iron_pickaxe":2,"minecraft:oak_sapling":4,"minecraft:oak_planks":5,"minecraft:coal":49,"minecraft:cobblestone":70},"minecraft:custom":{"minecraft:time_since_rest":21189,"minecraft:interact_with_furnace":14,"minecraft:sprint_one_cm":21663,"minecraft:damage_taken":1199,"minecraft:walk_one_cm":73128,"minecraft:damage_blocked_by_shield":789,"minecraft:mob_kills":6,"minecraft:drop":13,"minecraft:damage_dealt":1198,"minecraft:interact_with_crafting_table":9,"minecraft:fly_one_cm":26559,"minecraft:play_time":46567,"minecraft:deaths":4,"minecraft:sneak_time":18,"minecraft:jump":298,"minecraft:leave_game":3,"minecraft:time_since_death":21090,"minecraft:total_world_time":46567,"minecraft:fall_one_cm":1788},"minecraft:crafted":{"minecraft:iron_ingot":0},"minecraft:killed":{"irons_spellbooks:summoned_zombie":3,"irons_spellbooks:summoned_skeleton":2,"irons_spellbooks:necromancer":1},"minecraft:killed_by":{"iceandfire:ghost":1,"irons_spellbooks:necromancer":1,"minecraft:zombie":2},"minecraft:used":{"minecraft:stone_pickaxe":80,"minecraft:iron_pickaxe":10,"minecraft:wooden_pickaxe":11,"minecraft:shield":32,"minecraft:iron_sword":18,"minecraft:stone_axe":20,"minecraft:torch":4,"minecraft:cobblestone":8,"minecraft:cooked_beef":2},"minecraft:dropped":{"minecraft:oak_sapling":11,"gravestone:obituary":2,"man:cassette_1safetyinstructions":2,"minecraft:stone_pickaxe":5,"minecraft:wooden_pickaxe":1,"minecraft:iron_pickaxe":1},"minecraft:mined":{"minecraft:iron_ore":12,"minecraft:crafting_table":1,"gravestone:gravestone":2,"minecraft:grass":2,"biomesoplenty:bush":1,"minecraft:coal_ore":41,"minecraft:oak_log":7,"minecraft:cobblestone":3,"minecraft:stone":45,"minecraft:oak_leaves":18}},"DataVersion":3465}