{"stats":{"minecraft:picked_up":{"minecraft:stick":2,"minecraft:crafting_table":1,"minecraft:oak_log":7,"minecraft:oak_sapling":4,"minecraft:coal":22,"minecraft:oak_planks":1,"minecraft:cobblestone":21},"minecraft:custom":{"minecraft:time_since_rest":2126,"minecraft:damage_taken":230,"minecraft:play_time":15456,"minecraft:sprint_one_cm":16437,"minecraft:walk_one_cm":18158,"minecraft:deaths":1,"minecraft:sneak_time":18,"minecraft:drop":2,"minecraft:jump":129,"minecraft:damage_dealt":20,"minecraft:leave_game":1,"minecraft:time_since_death":2,"minecraft:total_world_time":15456,"minecraft:interact_with_crafting_table":2,"minecraft:fall_one_cm":1788,"minecraft:fly_one_cm":20033},"minecraft:killed_by":{"iceandfire:ghost":1},"minecraft:used":{"minecraft:stone_axe":20,"minecraft:cobblestone":1,"minecraft:stone_pickaxe":32,"minecraft:wooden_pickaxe":11},"minecraft:dropped":{"minecraft:wooden_pickaxe":1,"minecraft:oak_sapling":1},"minecraft:mined":{"minecraft:grass":2,"biomesoplenty:bush":1,"minecraft:oak_log":7,"minecraft:coal_ore":21,"minecraft:stone":22,"minecraft:oak_leaves":18,"minecraft:crafting_table":1}},"DataVersion":3465}