{"stat.chestOpened":18,"stat.walkOneCm":78697,"stat.useItem.minecraft.torch":2,"stat.useItem.minecraft.stone":4,"stat.pickup.minecraft.crafting_table":1,"stat.mineBlock.minecraft.cobblestone":1,"stat.useItem.minecraft.cobblestone":1,"stat.craftItem.minecraft.crafting_table":1,"stat.furnaceInteraction":1,"stat.pickup.cgm.handgun":1,"stat.mineBlock.srparasites.gore":7,"stat.pickup.minecraft.log":14,"stat.pickup.cgm.advanced_ammo":16,"stat.drop.cgm.advanced_ammo":16,"stat.jump":203,"stat.swimOneCm":439,"stat.fallOneCm":3586,"stat.useItem.tombstone.gift":1,"stat.useItem.minecraft.stone_axe":15,"stat.craftItem.usefulbackpacks.backpack":1,"stat.pickup.minecraft.stone":5,"stat.drop.minecraft.sapling":7,"stat.craftItem.minecraft.iron_chestplate":1,"stat.crouchOneCm":4531,"stat.pickup.minecraft.sapling":7,"stat.pickup.minecraft.dirt":11,"stat.useItem.minecraft.dirt":3,"stat.sprintOneCm":20727,"stat.useItem.minecraft.stone_slab2":7,"stat.pickup.cgm.assault_rifle":1,"stat.craftItem.minecraft.stick":12,"stat.craftingTableInteraction":8,"stat.craftItem.minecraft.planks":40,"stat.useItem.minecraft.egg":1,"stat.craftItem.minecraft.stone_axe":1,"stat.craftItem.minecraft.iron_boots":1,"stat.mineBlock.minecraft.crafting_table":1,"stat.damageTaken":241,"stat.craftItem.minecraft.stone_pickaxe":1,"stat.mineBlock.minecraft.torch":4,"stat.useItem.minecraft.wooden_pickaxe":24,"stat.pickup.minecraft.cobblestone":20,"stat.mobKills":1,"stat.pickup.srparasites.assimilated_flesh":2,"stat.mineBlock.minecraft.log":14,"stat.pickup.minecraft.planks":1,"stat.craftItem.minecraft.stone_sword":1,"stat.flyOneCm":29676,"stat.deaths":1,"stat.mineBlock.minecraft.planks":1,"stat.drop":23,"stat.mineBlock.minecraft.leaves":12,"stat.pickup.minecraft.egg":1,"stat.playOneMinute":22913,"stat.pickup.minecraft.torch":4,"stat.useItem.minecraft.stone_pickaxe":2,"stat.sneakTime":2299,"stat.craftItem.minecraft.iron_pickaxe":1,"stat.useItem.minecraft.stone_sword":7,"stat.craftItem.minecraft.iron_leggings":1,"stat.damageDealt":168,"stat.sleepInBed":2,"stat.timeSinceDeath":10147,"stat.mineBlock.minecraft.dirt":12,"stat.craftItem.minecraft.wooden_pickaxe":1,"stat.mineBlock.minecraft.stone":25,"stat.mineBlock.minecraft.tallgrass":8}