{"stat.chestOpened":19,"stat.walkOneCm":123231,"stat.useItem.minecraft.torch":2,"stat.useItem.minecraft.stone":4,"stat.pickup.minecraft.crafting_table":1,"stat.mineBlock.minecraft.cobblestone":5,"stat.useItem.minecraft.cobblestone":5,"stat.craftItem.minecraft.crafting_table":1,"stat.furnaceInteraction":5,"stat.mineBlock.minecraft.double_plant":2,"stat.useItem.minecraft.cooked_porkchop":1,"stat.pickup.cgm.handgun":1,"stat.mineBlock.srparasites.gore":8,"stat.mineBlock.minecraft.coal_ore":42,"stat.useItem.minecraft.porkchop":2,"stat.killEntity.Creeper":1,"stat.pickup.minecraft.log":14,"stat.pickup.cgm.advanced_ammo":16,"stat.drop.cgm.advanced_ammo":16,"stat.jump":578,"stat.swimOneCm":5198,"stat.pickup.minecraft.coal":42,"stat.fallOneCm":12696,"stat.useItem.tombstone.gift":1,"stat.pickup.minecraft.cooked_porkchop":1,"stat.useItem.minecraft.stone_axe":15,"stat.craftItem.usefulbackpacks.backpack":1,"stat.pickup.minecraft.stone":6,"stat.pickup.minecraft.porkchop":5,"stat.drop.minecraft.sapling":7,"stat.craftItem.minecraft.iron_chestplate":1,"stat.crouchOneCm":7842,"stat.pickup.minecraft.sapling":7,"stat.pickup.minecraft.dirt":11,"stat.useItem.minecraft.dirt":3,"stat.sprintOneCm":54326,"stat.useItem.minecraft.stone_slab2":8,"stat.pickup.cgm.assault_rifle":1,"stat.craftItem.minecraft.stick":12,"stat.craftingTableInteraction":8,"stat.boatOneCm":29629,"stat.craftItem.minecraft.planks":40,"stat.useItem.minecraft.egg":1,"stat.craftItem.minecraft.stone_axe":1,"stat.craftItem.minecraft.iron_boots":1,"stat.mineBlock.minecraft.crafting_table":1,"stat.damageTaken":410,"stat.craftItem.minecraft.stone_pickaxe":1,"stat.mineBlock.minecraft.torch":4,"stat.useItem.minecraft.wooden_pickaxe":24,"stat.pickup.minecraft.cobblestone":35,"stat.mobKills":6,"stat.pickup.srparasites.assimilated_flesh":3,"stat.mineBlock.minecraft.log":14,"stat.pickup.minecraft.planks":1,"stat.craftItem.minecraft.stone_sword":1,"stat.flyOneCm":79633,"stat.deaths":1,"stat.mineBlock.minecraft.planks":1,"stat.drop":23,"stat.pickup.minecraft.wheat_seeds":1,"stat.mineBlock.minecraft.leaves":12,"stat.pickup.minecraft.egg":1,"stat.playOneMinute":35513,"stat.pickup.minecraft.torch":4,"stat.useItem.minecraft.stone_pickaxe":2,"stat.sneakTime":3311,"stat.craftItem.minecraft.iron_pickaxe":1,"stat.useItem.minecraft.stone_sword":26,"stat.craftItem.minecraft.iron_leggings":1,"stat.damageDealt":794,"stat.sleepInBed":2,"stat.timeSinceDeath":22747,"stat.mineBlock.minecraft.dirt":12,"stat.useItem.minecraft.iron_pickaxe":58,"stat.craftItem.minecraft.wooden_pickaxe":1,"stat.mineBlock.minecraft.stone":37,"stat.killEntity.Pig":2,"stat.mineBlock.minecraft.tallgrass":15,"stat.diveOneCm":1167}