{"stat.chestOpened":42,"stat.useItem.minecraft.bow":33,"stat.pickup.minecraft.bone":1,"stat.useItem.minecraft.stone":4,"stat.pickup.minecraft.gravel":46,"stat.mineBlock.minecraft.cobblestone":5,"stat.craftItem.minecraft.cooked_porkchop":30,"stat.pickup.minecraft.flint":9,"stat.mineBlock.srparasites.gore":19,"stat.useItem.minecraft.porkchop":2,"stat.jump":858,"stat.swimOneCm":6077,"stat.pickup.minecraft.coal":42,"stat.fallOneCm":18118,"stat.pickup.minecraft.cooked_porkchop":1,"stat.useItem.minecraft.stone_axe":15,"stat.pickup.minecraft.porkchop":5,"stat.pickup.minecraft.gunpowder":2,"stat.crouchOneCm":10764,"stat.craftItem.minecraft.arrow":36,"stat.pickup.minecraft.dirt":16,"stat.useItem.minecraft.dirt":8,"stat.useItem.minecraft.stone_slab2":20,"stat.pickup.cgm.assault_rifle":2,"stat.craftingTableInteraction":13,"stat.boatOneCm":29629,"stat.useItem.minecraft.egg":17,"stat.craftItem.minecraft.stone_axe":1,"stat.craftItem.minecraft.iron_boots":1,"stat.damageTaken":910,"stat.drop.cgm.assault_rifle":1,"stat.craftItem.minecraft.stone_pickaxe":1,"stat.mineBlock.minecraft.torch":4,"stat.mineBlock.minecraft.red_flower":1,"stat.useItem.minecraft.wooden_pickaxe":24,"stat.killEntity.Enderman":1,"stat.pickup.minecraft.cobblestone":36,"stat.pickup.srparasites.assimilated_flesh":7,"stat.craftItem.minecraft.bow":1,"stat.pickup.minecraft.planks":1,"stat.useItem.minecraft.stone_shovel":68,"stat.craftItem.minecraft.stone_sword":1,"stat.flyOneCm":121381,"tombstone:undead_killed":2,"stat.pickup.minecraft.wheat_seeds":1,"stat.mineBlock.minecraft.gravel":55,"stat.useItem.minecraft.stone_pickaxe":2,"stat.useItem.minecraft.stone_sword":26,"stat.craftItem.minecraft.iron_leggings":1,"stat.damageDealt":1037,"stat.sleepInBed":2,"stat.timeSinceDeath":47047,"stat.mineBlock.minecraft.dirt":24,"stat.useItem.minecraft.iron_pickaxe":58,"stat.craftItem.minecraft.wooden_pickaxe":1,"stat.killEntity.Pig":2,"stat.craftItem.minecraft.stone_shovel":1,"stat.walkOneCm":221867,"stat.useItem.minecraft.torch":2,"stat.pickup.cgm.basic_ammo":32,"stat.pickup.minecraft.crafting_table":1,"stat.useItem.minecraft.cobblestone":5,"stat.craftItem.minecraft.crafting_table":1,"stat.furnaceInteraction":18,"stat.useItem.minecraft.gravel":44,"stat.mineBlock.minecraft.double_plant":7,"stat.useItem.minecraft.cooked_porkchop":9,"stat.pickup.cgm.handgun":2,"stat.mineBlock.minecraft.coal_ore":42,"stat.killEntity.Creeper":2,"stat.pickup.minecraft.log":14,"stat.pickup.cgm.advanced_ammo":32,"stat.drop.cgm.advanced_ammo":16,"stat.useItem.tombstone.gift":1,"stat.craftItem.minecraft.stone_slab2":0,"stat.craftItem.usefulbackpacks.backpack":1,"stat.pickup.minecraft.stone":6,"stat.drop.minecraft.sapling":7,"stat.craftItem.minecraft.iron_chestplate":1,"stat.pickup.minecraft.sapling":7,"stat.sprintOneCm":86669,"stat.drop.srparasites.assimilated_flesh":4,"stat.craftItem.minecraft.stick":24,"stat.killEntity.Skeleton":2,"stat.craftItem.minecraft.planks":40,"stat.useItem.minecraft.iron_sword":8,"stat.pickup.minecraft.grass":1,"stat.mineBlock.minecraft.crafting_table":1,"stat.drop.cgm.handgun":2,"stat.mobKills":19,"stat.mineBlock.minecraft.log":14,"stat.deaths":1,"stat.mineBlock.minecraft.planks":1,"stat.drop":30,"stat.mineBlock.minecraft.leaves":12,"stat.pickup.minecraft.egg":1,"stat.playOneMinute":59813,"stat.pickup.minecraft.torch":4,"stat.pickup.minecraft.red_flower":1,"stat.craftItem.minecraft.iron_pickaxe":1,"stat.sneakTime":5019,"stat.mineBlock.minecraft.stone":37,"stat.mineBlock.minecraft.tallgrass":35,"stat.diveOneCm":2671}